-- phpMyAdmin SQL Dump
-- version 4.6.6deb5
-- https://www.phpmyadmin.net/
--
-- Host: localhost:3306
-- Generation Time: Apr 13, 2018 at 03:14 PM
-- Server version: 5.7.21-0ubuntu0.17.10.1
-- PHP Version: 7.1.15-1+ubuntu17.10.1+deb.sury.org+2

SET SQL_MODE = "NO_AUTO_VALUE_ON_ZERO";
SET time_zone = "+00:00";


/*!40101 SET @OLD_CHARACTER_SET_CLIENT=@@CHARACTER_SET_CLIENT */;
/*!40101 SET @OLD_CHARACTER_SET_RESULTS=@@CHARACTER_SET_RESULTS */;
/*!40101 SET @OLD_COLLATION_CONNECTION=@@COLLATION_CONNECTION */;
/*!40101 SET NAMES utf8mb4 */;

--
-- Database: `leJDS`
--

-- --------------------------------------------------------

--
-- Table structure for table `encounters`
--

CREATE TABLE `encounters` (
  `id` int(11) NOT NULL,
  `idPokemon` int(11) NOT NULL,
  `idVersion` int(11) NOT NULL,
  `idGeneration` int(11) NOT NULL,
  `idRoads` int(11) NOT NULL
) ENGINE=InnoDB DEFAULT CHARSET=utf8;

-- --------------------------------------------------------

--
-- Table structure for table `generations`
--

CREATE TABLE `generations` (
  `id` int(11) NOT NULL,
  `nbGenerations` varchar(40) NOT NULL
) ENGINE=InnoDB DEFAULT CHARSET=utf8;

--
-- Dumping data for table `generations`
--

INSERT INTO `generations` (`id`, `nbGenerations`) VALUES
(1, '1ére Génération'),
(2, '2éme Génération'),
(3, '3éme Génération'),
(4, '4éme Génération'),
(5, '5éme Génération'),
(6, '6éme Génération'),
(7, '7éme Génération');

-- --------------------------------------------------------

--
-- Table structure for table `huntMethods`
--

CREATE TABLE `huntMethods` (
  `id` int(11) NOT NULL,
  `methode` varchar(40) NOT NULL,
  `idVersion` int(11) NOT NULL
) ENGINE=InnoDB DEFAULT CHARSET=utf8;

--
-- Dumping data for table `huntMethods`
--

INSERT INTO `huntMethods` (`id`, `methode`, `idVersion`) VALUES
(1, 'Random', 1),
(2, 'Random', 2),
(3, 'Random', 3),
(4, 'Random', 4),
(5, 'Random', 5),
(6, 'Random', 6),
(7, 'Reproduction', 4),
(8, 'Reproduction', 5),
(9, 'Reproduction', 6),
(10, 'Reproduction 1/64', 4),
(11, 'Reproduction 1/64', 5),
(12, 'Reproduction 1/64', 6),
(13, 'Reset', 4),
(14, 'Reset', 5),
(15, 'Reset', 6),
(16, 'Random', 7),
(17, 'Random', 8),
(18, 'Random', 9),
(19, 'Reproduction', 7),
(20, 'Reproduction', 8),
(21, 'Reproduction', 9),
(22, 'Reset', 7),
(23, 'Reset', 8),
(24, 'Reset', 9),
(25, 'Random', 10),
(26, 'Random', 11),
(27, 'Reproduction', 10),
(28, 'Reproduction', 11),
(29, 'Reset', 10),
(30, 'Reset', 11),
(31, 'Random', 12),
(32, 'Random', 13),
(33, 'Random', 14),
(34, 'Reproduction', 12),
(35, 'Reproduction', 13),
(36, 'Reproduction', 14),
(37, 'Reset', 12),
(38, 'Reset', 13),
(39, 'Reset', 14),
(40, 'PokeRadar', 12),
(41, 'PokeRadar', 13),
(42, 'PokeRadar', 14),
(43, 'Random', 15),
(44, 'Random', 16),
(45, 'Reproduction', 15),
(46, 'Reproduction', 16),
(47, 'Reset', 15),
(48, 'Reset', 16),
(49, 'Masuda', 12),
(50, 'Masuda', 13),
(51, 'Masuda', 14),
(52, 'Masuda', 15),
(53, 'Masuda', 16),
(54, 'Random', 17),
(55, 'Random', 18),
(56, 'Random', 19),
(57, 'Random', 20),
(58, 'Reproduction', 17),
(59, 'Reproduction', 18),
(60, 'Reproduction', 19),
(61, 'Reproduction', 20),
(62, 'Reset', 17),
(63, 'Reset', 18),
(64, 'Reset', 19),
(65, 'Reset', 20),
(66, 'Masuda', 17),
(67, 'Masuda', 18),
(68, 'Masuda', 19),
(69, 'Masuda', 20),
(70, 'Phenomenon', 17),
(71, 'Phenomenon', 18),
(72, 'Phenomenon', 19),
(73, 'Phenomenon', 20),
(74, 'Random', 21),
(75, 'Random', 22),
(76, 'Random', 23),
(77, 'Random', 24),
(78, 'Reproduction', 21),
(79, 'Reproduction', 22),
(80, 'Reproduction', 23),
(81, 'Reproduction', 24),
(82, 'Reset', 21),
(83, 'Reset', 22),
(84, 'Reset', 23),
(85, 'Reset', 24),
(86, 'Masuda', 21),
(87, 'Masuda', 22),
(88, 'Masuda', 23),
(89, 'Masuda', 24),
(90, 'Pêche', 21),
(91, 'Pêche', 22),
(92, 'Pêche', 23),
(93, 'Pêche', 24),
(94, 'PokeRadar', 21),
(95, 'PokeRadar', 22),
(96, 'Safari Amis', 21),
(97, 'Safari Amis', 22),
(98, 'NaviDex', 23),
(99, 'NaviDex', 24),
(100, 'Hordes', 21),
(101, 'Hordes', 22),
(102, 'Hordes', 23),
(103, 'Hordes', 24),
(104, 'Random', 25),
(105, 'Random', 26),
(106, 'Random', 27),
(107, 'Random', 28),
(108, 'Reproduction', 25),
(109, 'Reproduction', 26),
(110, 'Reproduction', 27),
(111, 'Reproduction', 28),
(112, 'Reset', 25),
(113, 'Reset', 26),
(114, 'Reset', 27),
(115, 'Reset', 28),
(116, 'Masuda', 25),
(117, 'Masuda', 26),
(118, 'Masuda', 27),
(119, 'Masuda', 28),
(124, 'SOS', 25),
(125, 'SOS', 26),
(126, 'SOS', 27),
(127, 'SOS', 28),
(128, 'Ultra Exploration', 27),
(129, 'Ultra Exploration', 28);

-- --------------------------------------------------------

--
-- Table structure for table `hunts`
--

CREATE TABLE `hunts` (
  `id` int(11) NOT NULL,
  `idPokemon` int(11) NOT NULL,
  `idVersion` int(11) DEFAULT NULL,
  `idMethod` int(11) DEFAULT NULL,
  `nbEncounter` int(11) DEFAULT NULL,
  `endDate` datetime DEFAULT NULL,
  `idUser` int(11) NOT NULL,
  `catchStatement` int(11) NOT NULL
) ENGINE=InnoDB DEFAULT CHARSET=utf8;

--
-- Dumping data for table `hunts`
--

INSERT INTO `hunts` (`id`, `idPokemon`, `idVersion`, `idMethod`, `nbEncounter`, `endDate`, `idUser`, `catchStatement`) VALUES
(222, 54, 17, 54, 23, '2018-03-07 15:41:42', 62, 1),
(223, 99, 15, 43, 18, '2018-03-07 15:41:51', 62, 1),
(224, 52, 18, 55, 18, '2018-03-07 15:42:05', 62, 1),
(225, 96, 17, 54, 15, '2018-03-07 15:42:26', 62, 1),
(226, 148, 18, 55, 16, '2018-03-07 15:42:17', 62, 1),
(228, 145, 15, 43, 16, '2018-03-07 15:43:32', 62, 1),
(229, 146, 18, 55, 22, '2018-03-07 15:42:34', 62, 1),
(234, 55, 15, 43, 10, '2018-03-07 15:59:47', 62, 1),
(235, 102, 16, 44, 58, '2018-03-08 10:51:35', 62, 1),
(236, 65, 17, 54, 23, '2018-03-07 16:00:04', 62, 1),
(250, 151, 1, 1, 50, '2018-03-07 00:00:00', 81, 1),
(251, 102, 16, 44, 58, '2018-03-08 10:51:35', 62, 1),
(252, 129, 18, 55, 43, '2018-03-08 10:51:48', 62, 1),
(253, 152, 15, 43, 11, '2018-03-08 15:40:50', 62, 1),
(254, 154, 16, 44, 10, '2018-03-09 15:03:57', 62, 1),
(278, 155, 11, 26, 34, '2018-03-21 16:01:33', 62, 1),
(280, 62, 27, 118, 32, NULL, 62, 0),
(281, 45, 17, 54, 25, '2018-03-22 22:15:29', 62, 1),
(282, 160, NULL, NULL, NULL, NULL, 62, 0),
(283, 161, NULL, NULL, NULL, NULL, 62, 0),
(284, 162, NULL, NULL, NULL, NULL, 62, 0),
(285, 163, NULL, NULL, NULL, NULL, 62, 0),
(286, 164, NULL, NULL, NULL, NULL, 62, 0),
(287, 165, NULL, NULL, NULL, NULL, 62, 0),
(288, 166, NULL, NULL, NULL, NULL, 62, 0),
(290, 35, 16, 48, 14, '2018-03-30 09:02:50', 62, 1),
(291, 100, NULL, NULL, NULL, NULL, 62, 0),
(292, 53, NULL, NULL, NULL, NULL, 62, 0),
(293, 6, NULL, NULL, NULL, NULL, 62, 0),
(294, 10, NULL, NULL, NULL, NULL, 62, 0),
(295, 280, NULL, NULL, NULL, NULL, 62, 0),
(296, 281, NULL, NULL, NULL, NULL, 62, 0),
(297, 286, NULL, NULL, NULL, NULL, 62, 0),
(298, 290, NULL, NULL, NULL, NULL, 62, 0),
(299, 381, NULL, NULL, NULL, NULL, 62, 0),
(300, 251, NULL, NULL, NULL, NULL, 62, 0),
(301, 359, NULL, NULL, NULL, NULL, 62, 0),
(302, 254, NULL, NULL, NULL, NULL, 62, 0),
(303, 12, NULL, NULL, NULL, NULL, 62, 0),
(304, 249, NULL, NULL, NULL, NULL, 62, 0),
(305, 151, NULL, NULL, NULL, NULL, 62, 0),
(306, 150, NULL, NULL, NULL, NULL, 62, 0),
(307, 149, NULL, NULL, NULL, NULL, 62, 0),
(308, 148, NULL, NULL, NULL, NULL, 62, 0);

-- --------------------------------------------------------

--
-- Table structure for table `pokemon`
--

CREATE TABLE `pokemon` (
  `id` int(11) NOT NULL,
  `nomPkm` varchar(200) NOT NULL,
  `idGen` int(11) NOT NULL
) ENGINE=InnoDB DEFAULT CHARSET=utf8;

--
-- Dumping data for table `pokemon`
--

INSERT INTO `pokemon` (`id`, `nomPkm`, `idGen`) VALUES
(1, 'Bulbizarre', 1),
(2, 'Herbizarre', 1),
(3, 'Florizarre', 1),
(4, 'Salamèche', 1),
(5, 'Reptincel', 1),
(6, 'Dracaufeu', 1),
(7, 'Carapuce', 1),
(8, 'Carabaffe', 1),
(9, 'Tortank', 1),
(10, 'Chenipan', 1),
(11, 'Chrysacier', 1),
(12, 'Papilusion', 1),
(13, 'Aspicot', 1),
(14, 'Coconfort', 1),
(15, 'Dardargnan', 1),
(16, 'Roucool', 1),
(17, 'Roucoups', 1),
(18, 'Roucarnage', 1),
(19, 'Rattata', 1),
(20, 'Rattatac', 1),
(21, 'Piafabec', 1),
(22, 'Rapasdepic', 1),
(23, 'Abo', 1),
(24, 'Arbok', 1),
(25, 'Pikachu', 1),
(26, 'Raichu', 1),
(27, 'Sabelette', 1),
(28, 'Sablaireau', 1),
(29, 'NidoranF', 1),
(30, 'Nidorina', 1),
(31, 'Nidoqueen', 1),
(32, 'NidoranM', 1),
(33, 'Nidorino', 1),
(34, 'Nidoking', 1),
(35, 'Mélofée', 1),
(36, 'Mélodelfe', 1),
(37, 'Goupix', 1),
(38, 'Feunard', 1),
(39, 'Rondoudou', 1),
(40, 'Grodoudou', 1),
(41, 'Nosferapti', 1),
(42, 'Nosferalto', 1),
(43, 'Mystherbe', 1),
(44, 'Ortide', 1),
(45, 'Rafflesia', 1),
(46, 'Paras', 1),
(47, 'Parasect', 1),
(48, 'Mimitoss', 1),
(49, 'Aéromite', 1),
(50, 'Taupiqueur', 1),
(51, 'Triopikeur', 1),
(52, 'Miaouss', 1),
(53, 'Persian', 1),
(54, 'Psykokwak', 1),
(55, 'Akwakwak', 1),
(56, 'Férosinge', 1),
(57, 'Colossinge', 1),
(58, 'Caninos', 1),
(59, 'Arcanin', 1),
(60, 'Ptitard', 1),
(61, 'Têtarte', 1),
(62, 'Tartard', 1),
(63, 'Abra', 1),
(64, 'Kadabra', 1),
(65, 'Alakazam', 1),
(66, 'Machoc', 1),
(67, 'Machopeur', 1),
(68, 'Mackogneur', 1),
(69, 'Chétiflor', 1),
(70, 'Boustiflor', 1),
(71, 'Empiflor', 1),
(72, 'Tentacool', 1),
(73, 'Tentacruel', 1),
(74, 'Racaillou', 1),
(75, 'Gravalanch', 1),
(76, 'Grolem', 1),
(77, 'Ponyta', 1),
(78, 'Galopa', 1),
(79, 'Ramoloss', 1),
(80, 'Flagadoss', 1),
(81, 'Magnéti', 1),
(82, 'Magnéton', 1),
(83, 'Canarticho', 1),
(84, 'Doduo', 1),
(85, 'Dodrio', 1),
(86, 'Otaria', 1),
(87, 'Lamantine', 1),
(88, 'Tadmorv', 1),
(89, 'Grotadmorv', 1),
(90, 'Kokiyas', 1),
(91, 'Crustabri', 1),
(92, 'Fantominus', 1),
(93, 'Spectrum', 1),
(94, 'Ectoplasma', 1),
(95, 'Onix', 1),
(96, 'Soporifik', 1),
(97, 'Hypnomade', 1),
(98, 'Krabby', 1),
(99, 'Krabboss', 1),
(100, 'Voltorbe', 1),
(101, 'Electrode', 1),
(102, 'Noeunoeuf', 1),
(103, 'Noadkoko', 1),
(104, 'Osselait', 1),
(105, 'Ossatueur', 1),
(106, 'Kicklee', 1),
(107, 'Tygnon', 1),
(108, 'Excelangue', 1),
(109, 'Smogo', 1),
(110, 'Smogogo', 1),
(111, 'Rhinocorne', 1),
(112, 'Rhinoféros', 1),
(113, 'Leveinard', 1),
(114, 'Saquedeneu', 1),
(115, 'Kangourex', 1),
(116, 'Hypotrempe', 1),
(117, 'Hypocéan', 1),
(118, 'Poissirène', 1),
(119, 'Poissoroy', 1),
(120, 'Stari', 1),
(121, 'Staross', 1),
(122, 'Mr.Mime', 1),
(123, 'Insécateur', 1),
(124, 'Lippoutou', 1),
(125, 'Elektek', 1),
(126, 'Magmar', 1),
(127, 'Scarabrute', 1),
(128, 'Tauros', 1),
(129, 'Magicarpe', 1),
(130, 'Léviator', 1),
(131, 'Lokhlass', 1),
(132, 'Métamorph', 1),
(133, 'Evoli', 1),
(134, 'Aquali', 1),
(135, 'Voltali', 1),
(136, 'Pyroli', 1),
(137, 'Porygon', 1),
(138, 'Amonita', 1),
(139, 'Amonistar', 1),
(140, 'Kabuto', 1),
(141, 'Kabutops', 1),
(142, 'Ptéra', 1),
(143, 'Ronflex', 1),
(144, 'Artikodin', 1),
(145, 'Electhor', 1),
(146, 'Sulfura', 1),
(147, 'Minidraco', 1),
(148, 'Draco', 1),
(149, 'Dracolosse', 1),
(150, 'Mewtwo', 1),
(151, 'Mew', 1),
(152, 'Germignon', 2),
(153, 'Macronium', 2),
(154, 'Meganium', 2),
(155, 'Hericendre', 2),
(156, 'Feurisson', 2),
(157, 'Typhlosion', 2),
(158, 'Kaiminus', 2),
(159, 'Crocrodil', 2),
(160, 'Aligatueur', 2),
(161, 'Fouinette', 2),
(162, 'Fouinar', 2),
(163, 'Hoothoot', 2),
(164, 'Noarfang', 2),
(165, 'Coxy', 2),
(166, 'Coxyclaque', 2),
(167, 'Mimigal', 2),
(168, 'Migalos', 2),
(169, 'Nostenfer', 2),
(170, 'Loupio', 2),
(171, 'Lanturn', 2),
(172, 'Pichu', 2),
(173, 'Mélo', 2),
(174, 'Toudoudou', 2),
(175, 'Togepi', 2),
(176, 'Togetic', 2),
(177, 'Natu', 2),
(178, 'Xatu', 2),
(179, 'Wattouat', 2),
(180, 'Lainergie', 2),
(181, 'Pharamp', 2),
(182, 'Joliflor', 2),
(183, 'Marill', 2),
(184, 'Azumarill', 2),
(185, 'Simularbre', 2),
(186, 'Tarpaud', 2),
(187, 'Granivol', 2),
(188, 'Floravol', 2),
(189, 'Cotovol', 2),
(190, 'Capumain', 2),
(191, 'Tournegrin', 2),
(192, 'Héliatronc', 2),
(193, 'Yanma', 2),
(194, 'Axoloto', 2),
(195, 'Maraiste', 2),
(196, 'Mentali', 2),
(197, 'Noctali', 2),
(198, 'Cornèbre', 2),
(199, 'Roigada', 2),
(200, 'Feuforêve', 2),
(201, 'Zarbi', 2),
(202, 'Qulbutoké', 2),
(203, 'Girafarig', 2),
(204, 'Pomdepik', 2),
(205, 'Foretress', 2),
(206, 'Insolourdo', 2),
(207, 'Scorplane', 2),
(208, 'Steelix', 2),
(209, 'Snubbull', 2),
(210, 'Granbull', 2),
(211, 'Qwilfish', 2),
(212, 'Cizayox', 2),
(213, 'Caratroc', 2),
(214, 'Scarhino', 2),
(215, 'Farfuret', 2),
(216, 'Teddiursa', 2),
(217, 'Ursaring', 2),
(218, 'Limagma', 2),
(219, 'Volcaropod', 2),
(220, 'Marcacrin', 2),
(221, 'Cochignon', 2),
(222, 'Corayon', 2),
(223, 'Rémoraid', 2),
(224, 'Octillery', 2),
(225, 'Cadoizo', 2),
(226, 'Démanta', 2),
(227, 'Airmure', 2),
(228, 'Malosse', 2),
(229, 'Démolosse', 2),
(230, 'Hyporoi', 2),
(231, 'Phanpy', 2),
(232, 'Donphan', 2),
(233, 'Porygon2', 2),
(234, 'Cerfrousse', 2),
(235, 'Queulorior', 2),
(236, 'Debugant', 2),
(237, 'Kapoera', 2),
(238, 'Lippouti', 2),
(239, 'Élekid', 2),
(240, 'Magby', 2),
(241, 'Écrémeuh', 2),
(242, 'Leuphorie', 2),
(243, 'Raikou', 2),
(244, 'Entei', 2),
(245, 'Suicune', 2),
(246, 'Embrylex', 2),
(247, 'Ymphect', 2),
(248, 'Tyranocif', 2),
(249, 'Lugia', 2),
(250, 'Ho-Oh', 2),
(251, 'Celebi', 2),
(252, 'Arcko', 3),
(253, 'Massko', 3),
(254, 'Jungko', 3),
(255, 'Poussifeu', 3),
(256, 'Galifeu', 3),
(257, 'Braségali', 3),
(258, 'Gobou', 3),
(259, 'Flobio', 3),
(260, 'Laggron', 3),
(261, 'Medhyèna', 3),
(262, 'Grahyèna', 3),
(263, 'Zigzaton', 3),
(264, 'Linéon', 3),
(265, 'Chenipotte', 3),
(266, 'Armulys', 3),
(267, 'Charmillon', 3),
(268, 'Blindalys', 3),
(269, 'Papinox', 3),
(270, 'Nénupiot', 3),
(271, 'Lombre', 3),
(272, 'Ludicolo', 3),
(273, 'Grainipiot', 3),
(274, 'Pifeuil', 3),
(275, 'Tengalice', 3),
(276, 'Nirondelle', 3),
(277, 'Hélédelle', 3),
(278, 'Goélise', 3),
(279, 'Bekipan', 3),
(280, 'Tarsal', 3),
(281, 'Kirlia', 3),
(282, 'Gardevoir', 3),
(283, 'Arakdo', 3),
(284, 'Maskadra', 3),
(285, 'Balignon', 3),
(286, 'Chapignon', 3),
(287, 'Parecool', 3),
(288, 'Vigoroth', 3),
(289, 'Monaflèmit', 3),
(290, 'Ningale', 3),
(291, 'Ninjask', 3),
(292, 'Munja', 3),
(293, 'Chuchmur', 3),
(294, 'Ramboum', 3),
(295, 'Brouhabam', 3),
(296, 'Makuhita', 3),
(297, 'Hariyama', 3),
(298, 'Azurill', 3),
(299, 'Tarinor', 3),
(300, 'Skitty', 3),
(301, 'Delcatty', 3),
(302, 'Ténéfix', 3),
(303, 'Mysdibule', 3),
(304, 'Galekid', 3),
(305, 'Galegon', 3),
(306, 'Galeking', 3),
(307, 'Méditikka', 3),
(308, 'Charmina', 3),
(309, 'Dynavolt', 3),
(310, 'Élecsprint', 3),
(311, 'Posipi', 3),
(312, 'Négapi', 3),
(313, 'Muciole', 3),
(314, 'Lumivole', 3),
(315, 'Rosélia', 3),
(316, 'Gloupti', 3),
(317, 'Avaltout', 3),
(318, 'Carvanha', 3),
(319, 'Sharpedo', 3),
(320, 'Wailmer', 3),
(321, 'Wailord', 3),
(322, 'Chamallot', 3),
(323, 'Camérupt', 3),
(324, 'Chartor', 3),
(325, 'Spoink', 3),
(326, 'Groret', 3),
(327, 'Spinda', 3),
(328, 'Kraknoix', 3),
(329, 'Vibraninf', 3),
(330, 'Libégon', 3),
(331, 'Cacnea', 3),
(332, 'Cacturne', 3),
(333, 'Tylton', 3),
(334, 'Altaria', 3),
(335, 'Mangriff', 3),
(336, 'Séviper', 3),
(337, 'Séléroc', 3),
(338, 'Solaroc', 3),
(339, 'Barloche', 3),
(340, 'Barbicha', 3),
(341, 'Écrapince', 3),
(342, 'Colhomard', 3),
(343, 'Balbuto', 3),
(344, 'Kaorine', 3),
(345, 'Lilia', 3),
(346, 'Vacilys', 3),
(347, 'Anorith', 3),
(348, 'Armaldo', 3),
(349, 'Barpau', 3),
(350, 'Milobellus', 3),
(351, 'Morphéo', 3),
(352, 'Kecleon', 3),
(353, 'Polichombr', 3),
(354, 'Branette', 3),
(355, 'Skelénox', 3),
(356, 'Téraclope', 3),
(357, 'Tropius', 3),
(358, 'Éoko', 3),
(359, 'Absol', 3),
(360, 'Okéoké', 3),
(361, 'Stalgamin', 3),
(362, 'Oniglali', 3),
(363, 'Obalie', 3),
(364, 'Phogleur', 3),
(365, 'Kaimorse', 3),
(366, 'Coquiperl', 3),
(367, 'Serpang', 3),
(368, 'Rosabyss', 3),
(369, 'Relicanth', 3),
(370, 'Lovdisc', 3),
(371, 'Draby', 3),
(372, 'Drackhaus', 3),
(373, 'Drattak', 3),
(374, 'Terhal', 3),
(375, 'Métang', 3),
(376, 'Métalosse', 3),
(377, 'Regirock', 3),
(378, 'Regice', 3),
(379, 'Registeel', 3),
(380, 'Latias', 3),
(381, 'Latios', 3),
(382, 'Kyogre', 3),
(383, 'Groudon', 3),
(384, 'Rayquaza', 3),
(385, 'Jirachi', 3),
(386, 'Deoxys', 3),
(387, 'Tortipouss', 4),
(388, 'Boskara', 4),
(389, 'Torterra', 4),
(390, 'Ouisticram', 4),
(391, 'Chimpenfeu', 4),
(392, 'Simiabraz', 4),
(393, 'Tiplouf', 4),
(394, 'Prinplouf', 4),
(395, 'Pingoléon', 4),
(396, 'Étourmi', 4),
(397, 'Étourvol', 4),
(398, 'Étouraptor', 4),
(399, 'Keunotor', 4),
(400, 'Castorno', 4),
(401, 'Crikzik', 4),
(402, 'Mélokrik', 4),
(403, 'Lixy', 4),
(404, 'Luxio', 4),
(405, 'Luxray', 4),
(406, 'Rozbouton', 4),
(407, 'Roserade', 4),
(408, 'Kranidos', 4),
(409, 'Charkos', 4),
(410, 'Dinoclier', 4),
(411, 'Bastiodon', 4),
(412, 'Cheniti', 4),
(413, 'Cheniselle', 4),
(414, 'Papilord', 4),
(415, 'Apitrini', 4),
(416, 'Apireine', 4),
(417, 'Pachirisu', 4),
(418, 'Mustébouée', 4),
(419, 'Mustéflott', 4),
(420, 'Ceribou', 4),
(421, 'Ceriflor', 4),
(422, 'Sancoki', 4),
(423, 'Tritosor', 4),
(424, 'Capidextre', 4),
(425, 'Baudrive', 4),
(426, 'Grodrive', 4),
(427, 'Laporeille', 4),
(428, 'Lockpin', 4),
(429, 'Magirêve', 4),
(430, 'Corboss', 4),
(431, 'Chaglam', 4),
(432, 'Chaffreux', 4),
(433, 'Korillon', 4),
(434, 'Moufouette', 4),
(435, 'Moufflair', 4),
(436, 'Archéomire', 4),
(437, 'Archéodong', 4),
(438, 'Manzaï', 4),
(439, 'Mime Jr.', 4),
(440, 'Ptiravi', 4),
(441, 'Pijako', 4),
(442, 'Spiritomb', 4),
(443, 'Griknot', 4),
(444, 'Carmache', 4),
(445, 'Carchacrok', 4),
(446, 'Goinfrex', 4),
(447, 'Riolu', 4),
(448, 'Lucario', 4),
(449, 'Hippopotas', 4),
(450, 'Hippodocus', 4),
(451, 'Rapion', 4),
(452, 'Drascore', 4),
(453, 'Cradopaud', 4),
(454, 'Coatox', 4),
(455, 'Vortente', 4),
(456, 'Écayon', 4),
(457, 'Luminéon', 4),
(458, 'Babimanta', 4),
(459, 'Blizzi', 4),
(460, 'Blizzaroi', 4),
(461, 'Dimoret', 4),
(462, 'Magnézone', 4),
(463, 'Coudlangue', 4),
(464, 'Rhinastoc', 4),
(465, 'Bouldeneu', 4),
(466, 'Élekable', 4),
(467, 'Maganon', 4),
(468, 'Togekiss', 4),
(469, 'Yanmega', 4),
(470, 'Phyllali', 4),
(471, 'Givrali', 4),
(472, 'Scorvol', 4),
(473, 'Mammochon', 4),
(474, 'Porygon-Z', 4),
(475, 'Gallame', 4),
(476, 'Tarinorme', 4),
(477, 'Noctunoir', 4),
(478, 'Momartik', 4),
(479, 'Motisma', 4),
(480, 'Créhelf', 4),
(481, '`Créfollet', 4),
(482, 'Créfadet', 4),
(483, 'Dialga', 4),
(484, 'Palkia', 4),
(485, 'Heatran', 4),
(486, 'Regigigas', 4),
(487, 'Giratina', 4),
(488, 'Cresselia', 4),
(489, 'Phione', 4),
(490, 'Manaphy', 4),
(491, 'Darkrai', 4),
(492, 'Shaymin', 4),
(493, 'Arceus', 4),
(494, 'Victini', 5),
(495, 'Vipélierre', 5),
(496, 'Lianaja', 5),
(497, 'Majaspic', 5),
(498, 'Gruikui', 5),
(499, 'Grotichon', 5),
(500, 'Roitiflam', 5),
(501, 'Moustillon', 5),
(502, 'Mateloutre', 5),
(503, 'Clamiral', 5),
(504, 'Ratentif', 5),
(505, 'Miradar', 5),
(506, 'Ponchiot', 5),
(507, 'Ponchien', 5),
(508, 'Mastouffe', 5),
(509, 'Chacripan', 5),
(510, 'Léopardus', 5),
(511, 'Feuillajou', 5),
(512, 'Feuiloutan', 5),
(513, 'Flamajou', 5),
(514, 'Flamoutan', 5),
(515, 'Flotajou', 5),
(516, 'Flotoutan', 5),
(517, 'Munna', 5),
(518, 'Mushana', 5),
(519, 'Poichigeon', 5),
(520, 'Colombeau', 5),
(521, 'Déflaisan', 5),
(522, 'Zébibron', 5),
(523, 'Zéblitz', 5),
(524, 'Nodulithe', 5),
(525, 'Géolithe', 5),
(526, 'Gigalithe', 5),
(527, 'Chovsourir', 5),
(528, 'Rhinolove', 5),
(529, 'Rototaupe', 5),
(530, 'Minotaupe', 5),
(531, 'Nanméouïe', 5),
(532, 'Charpenti', 5),
(533, 'Ouvrifier', 5),
(534, 'Bétochef', 5),
(535, 'Tritonde', 5),
(536, 'Batracné', 5),
(537, 'Crapustule', 5),
(538, 'Judokrak', 5),
(539, 'Karaclée', 5),
(540, 'Larveyette', 5),
(541, 'Couverdure', 5),
(542, 'Manternel', 5),
(543, 'Venipatte', 5),
(544, 'Scobolide', 5),
(545, 'Brutapode', 5),
(546, 'Doudouvet', 5),
(547, 'Farfaduvet', 5),
(548, 'Chlorobule', 5),
(549, 'Fragilady', 5),
(550, 'Bargantua', 5),
(551, 'Mascaïman', 5),
(552, 'Escroco', 5),
(553, 'Crocorible', 5),
(554, 'Darumarond', 5),
(555, 'Darumacho', 5),
(556, 'Maracachi', 5),
(557, 'Crabicoque', 5),
(558, 'Crabaraque', 5),
(559, 'Baggiguane', 5),
(560, 'Baggaïd', 5),
(561, 'Cryptéro', 5),
(562, 'Tutafeh', 5),
(563, 'Tutankafer', 5),
(564, 'Carapagos', 5),
(565, 'Mégapagos', 5),
(566, 'Arkéapti', 5),
(567, 'Aéroptéryx', 5),
(568, 'Miamiasme', 5),
(569, 'Miasmax', 5),
(570, 'Zorua', 5),
(571, 'Zoroark', 5),
(572, 'Chinchidou', 5),
(573, 'Pashmilla', 5),
(574, 'Scrutella', 5),
(575, 'Mesmérella', 5),
(576, 'Sidérella', 5),
(577, 'Nucléos', 5),
(578, 'Méios', 5),
(579, 'Symbios', 5),
(580, 'Couaneton', 5),
(581, 'Lakmécygne', 5),
(582, 'Sorbébé', 5),
(583, 'Sorboul', 5),
(584, 'Sorbouboul', 5),
(585, 'Vivaldaim', 5),
(586, 'Haydaim', 5),
(587, 'Emolga', 5),
(588, 'Carabing', 5),
(589, 'Lançargot', 5),
(590, 'Trompignon', 5),
(591, 'Gaulet', 5),
(592, 'Viskuse', 5),
(593, 'Moyade', 5),
(594, 'Mamanbo', 5),
(595, 'Statitik', 5),
(596, 'Mygavolt', 5),
(597, 'Grindur', 5),
(598, 'Noacier', 5),
(599, 'Tic', 5),
(600, 'Clic', 5),
(601, 'Cliticlic', 5),
(602, 'Anchwatt', 5),
(603, 'Lampéroie', 5),
(604, 'Ohmassacre', 5),
(605, 'Lewsor', 5),
(606, 'Neitram', 5),
(607, 'Funécire', 5),
(608, 'Mélancolux', 5),
(609, 'Lugulabre', 5),
(610, 'Coupenotte', 5),
(611, 'Incisache', 5),
(612, 'Tranchodon', 5),
(613, 'Polarhume', 5),
(614, 'Polagriffe', 5),
(615, 'Hexagel', 5),
(616, 'Escargaume', 5),
(617, 'Limaspeed', 5),
(618, 'Limonde', 5),
(619, 'Kungfouine', 5),
(620, 'Shaofouine', 5),
(621, 'Drakkarmin', 5),
(622, 'Gringolem', 5),
(623, 'Golemastoc', 5),
(624, 'Scalpion', 5),
(625, 'Scalproie', 5),
(626, 'Frison', 5),
(627, 'Furaiglon', 5),
(628, 'Gueriaigle', 5),
(629, 'Vostourno', 5),
(630, 'Vaututrice', 5),
(631, 'Aflamanoir', 5),
(632, 'Fermite', 5),
(633, 'Solochi', 5),
(634, 'Diamat', 5),
(635, 'Trioxhydre', 5),
(636, 'Pyronille', 5),
(637, 'Pyrax', 5),
(638, 'Cobaltium', 5),
(639, 'Terrakium', 5),
(640, 'Viridium', 5),
(641, 'Boréas', 5),
(642, 'Fulguris', 5),
(643, 'Reshiram', 5),
(644, 'Zekrom', 5),
(645, 'Démétéros', 5),
(646, 'Kyurem', 5),
(647, 'Keldeo', 5),
(648, 'Meloetta', 5),
(649, 'Genesect', 5),
(650, 'Marisson', 6),
(651, 'Boguérisse', 6),
(652, 'Blindépique', 6),
(653, 'Feunnec', 6),
(654, 'Roussil', 6),
(655, 'Goupelin', 6),
(656, 'Grenousse', 6),
(657, 'Croâporal', 6),
(658, 'Amphinobi', 6),
(659, 'Sapereau', 6),
(660, 'Excavarenne', 6),
(661, 'Passerouge', 6),
(662, 'Braisillon', 6),
(663, 'Flambusard', 6),
(664, 'Lépidonille', 6),
(665, 'Pérégrain', 6),
(666, 'Prismillon', 6),
(667, 'Hélionceau', 6),
(668, 'Némélios', 6),
(669, 'Flabébé', 6),
(670, 'Floette', 6),
(671, 'Florges', 6),
(672, 'Cabriolaine', 6),
(673, 'Chevroum', 6),
(674, 'Pandespiègle', 6),
(675, 'Pandarbare', 6),
(676, 'Couafarel', 6),
(677, 'Psystigri', 6),
(678, 'Mistigrix', 6),
(679, 'Monorpale', 6),
(680, 'Dimoclès', 6),
(681, 'Exagide', 6),
(682, 'Fluvetin', 6),
(683, 'Cocotine', 6),
(684, 'Sucroquin', 6),
(685, 'Cupcanaille', 6),
(686, 'Sepiatop', 6),
(687, 'Sepiatroce', 6),
(688, 'Opermine', 6),
(689, 'Golgopathe', 6),
(690, 'Venalgue', 6),
(691, 'Kravarech', 6),
(692, 'Flingouste', 6),
(693, 'Gamblast', 6),
(694, 'Galvaran', 6),
(695, 'Iguolta', 6),
(696, 'Ptyranidur', 6),
(697, 'Rexillius', 6),
(698, 'Amagara', 6),
(699, 'Dragmara', 6),
(700, 'Nymphali', 6),
(701, 'Brutalibré', 6),
(702, 'Dedenne', 6),
(703, 'Strassie', 6),
(704, 'Mucuscule', 6),
(705, 'Colimucus', 6),
(706, 'Muplodocus', 6),
(707, 'Trousselin', 6),
(708, 'Brocélôme', 6),
(709, 'Desséliande', 6),
(710, 'Pitrouille', 6),
(711, 'Banshitrouye', 6),
(712, 'Grelaçon', 6),
(713, 'Séracrawl', 6),
(714, 'Sonistrelle', 6),
(715, 'Bruyverne', 6),
(716, 'Xerneas', 6),
(717, 'Yveltal', 6),
(718, 'Zygarde', 6),
(719, 'Diancie', 6),
(720, 'Hoopa', 6),
(721, 'Volcanion', 6),
(722, 'Brindibou', 7),
(723, 'Efflèche', 7),
(724, 'Archéduc', 7),
(725, 'Flamiaou', 7),
(726, 'Matoufeu', 7),
(727, 'Félinferno', 7),
(728, 'Otaquin', 7),
(729, 'Otarlette', 7),
(730, 'Oratoria', 7),
(731, 'Picassaut', 7),
(732, 'Piclairon', 7),
(733, 'Bazoucan', 7),
(734, 'Manglouton', 7),
(735, 'Argouste', 7),
(736, 'Larvibule', 7),
(737, 'Chrysapile', 7),
(738, 'Lucanon', 7),
(739, 'Crabagarre', 7),
(740, 'Crabominable', 7),
(741, 'Plumeline', 7),
(742, 'Bombydou', 7),
(743, 'Rubombelle', 7),
(744, 'Rocabot', 7),
(745, 'Lougaroc', 7),
(746, 'Froussardine', 7),
(747, 'Vorastérie', 7),
(748, 'Prédastérie', 7),
(749, 'Tiboudet', 7),
(750, 'Bourrinos', 7),
(751, 'Araqua', 7),
(752, 'Tarenbulle', 7),
(753, 'Mimantis', 7),
(754, 'Floramantis', 7),
(755, 'Spododo', 7),
(756, 'Lampignon', 7),
(757, 'Tritox', 7),
(758, 'Malamandre', 7),
(759, 'Nounourson', 7),
(760, 'Chelours', 7),
(761, 'Croquine', 7),
(762, 'Candine', 7),
(763, 'Sucreine', 7),
(764, 'Guérilande', 7),
(765, 'Gouroutan', 7),
(766, 'Quartermac', 7),
(767, 'Sovkipou', 7),
(768, 'Sarmuraï', 7),
(769, 'Bacabouh', 7),
(770, 'Trépassable', 7),
(771, 'Concombaffe', 7),
(772, 'Type:0', 7),
(773, 'Silvallié', 7),
(774, 'Météno', 7),
(775, 'Dodoala', 7),
(776, 'Boumata', 7),
(777, 'Togedemaru', 7),
(778, 'Mimiqui', 7),
(779, 'Denticrisse', 7),
(780, 'Draïeul', 7),
(781, 'Sinistrail', 7),
(782, 'Bébécaille', 7),
(783, 'Écaïd', 7),
(784, 'Ékaïser', 7),
(785, 'Tokorico', 7),
(786, 'Tokopiyon', 7),
(787, 'Tokotoro', 7),
(788, 'Tokopisco', 7),
(789, 'Cosmog', 7),
(790, 'Cosmovum', 7),
(791, 'Solgaleo', 7),
(792, 'Lunala', 7),
(793, 'Zéroïd', 7),
(794, 'Mouscoto', 7),
(795, 'Cancrelove', 7),
(796, 'Câblifère', 7),
(797, 'Bamboiselle', 7),
(798, 'Katagami', 7),
(799, 'Engloutyran', 7),
(800, 'Necrozma', 7),
(801, 'Magearna', 7),
(802, 'Marshadow', 7),
(803, 'Vémini', 7),
(804, 'Mandrillon', 7),
(805, 'Ama-Ama', 7),
(806, 'Pierroteknik', 7);

-- --------------------------------------------------------

--
-- Table structure for table `positionInSafary`
--

CREATE TABLE `positionInSafary` (
  `id` int(11) NOT NULL,
  `position` int(11) NOT NULL,
  `idPokemon` int(11) NOT NULL,
  `idType` int(11) NOT NULL
) ENGINE=InnoDB DEFAULT CHARSET=utf8;

--
-- Dumping data for table `positionInSafary`
--

INSERT INTO `positionInSafary` (`id`, `position`, `idPokemon`, `idType`) VALUES
(1, 1, 82, 1),
(2, 1, 303, 1),
(3, 1, 597, 1),
(4, 2, 205, 1),
(5, 2, 227, 1),
(6, 2, 375, 1),
(7, 2, 600, 1),
(8, 3, 437, 1),
(9, 3, 530, 1),
(10, 3, 707, 1),
(11, 1, 56, 2),
(12, 1, 67, 2),
(13, 1, 307, 2),
(14, 1, 619, 2),
(15, 2, 538, 2),
(16, 2, 539, 2),
(17, 2, 674, 2),
(18, 3, 236, 2),
(19, 3, 286, 2),
(20, 3, 297, 2),
(21, 3, 447, 2),
(22, 1, 444, 3),
(23, 1, 611, 3),
(24, 2, 148, 3),
(25, 2, 372, 3),
(26, 2, 714, 3),
(27, 3, 621, 3),
(28, 3, 705, 3),
(29, 1, 98, 4),
(30, 1, 224, 4),
(31, 1, 400, 4),
(32, 1, 515, 4),
(33, 2, 8, 4),
(34, 2, 130, 4),
(35, 2, 195, 4),
(36, 2, 419, 4),
(37, 3, 61, 4),
(38, 3, 184, 4),
(39, 3, 657, 4),
(40, 1, 101, 5),
(41, 1, 417, 5),
(42, 1, 587, 5),
(43, 1, 702, 5),
(44, 2, 25, 5),
(45, 2, 125, 5),
(46, 2, 618, 5),
(47, 2, 694, 5),
(48, 3, 310, 5),
(49, 3, 404, 5),
(50, 3, 523, 5),
(51, 3, 596, 5),
(52, 1, 175, 6),
(53, 1, 209, 6),
(54, 1, 281, 6),
(55, 1, 702, 6),
(56, 2, 39, 6),
(57, 2, 303, 6),
(58, 2, 682, 6),
(59, 2, 684, 6),
(60, 3, 35, 6),
(61, 3, 670, 6),
(62, 1, 58, 7),
(63, 1, 77, 7),
(64, 1, 126, 7),
(65, 1, 513, 7),
(66, 2, 5, 7),
(67, 2, 218, 7),
(68, 2, 636, 7),
(69, 2, 668, 7),
(70, 3, 38, 7),
(71, 3, 654, 7),
(72, 3, 662, 7),
(73, 1, 225, 8),
(74, 1, 361, 8),
(75, 1, 363, 8),
(76, 1, 459, 8),
(77, 2, 215, 8),
(78, 2, 614, 8),
(79, 2, 712, 8),
(80, 3, 87, 8),
(81, 3, 91, 8),
(82, 3, 131, 8),
(83, 3, 221, 8),
(84, 1, 12, 9),
(85, 1, 46, 9),
(86, 1, 165, 9),
(87, 1, 415, 9),
(88, 2, 267, 9),
(89, 2, 284, 9),
(90, 2, 313, 9),
(91, 2, 314, 9),
(92, 3, 49, 9),
(93, 3, 127, 9),
(94, 3, 214, 9),
(95, 3, 666, 9),
(96, 1, 216, 10),
(97, 1, 190, 10),
(98, 1, 206, 10),
(99, 1, 506, 10),
(100, 2, 294, 10),
(101, 2, 352, 10),
(102, 2, 531, 10),
(103, 2, 572, 10),
(104, 3, 113, 10),
(105, 3, 132, 10),
(106, 3, 133, 10),
(107, 3, 235, 10),
(108, 1, 43, 11),
(109, 1, 114, 11),
(110, 1, 191, 11),
(111, 1, 511, 11),
(112, 2, 2, 11),
(113, 2, 541, 11),
(114, 2, 548, 11),
(115, 2, 586, 11),
(116, 3, 556, 11),
(117, 3, 651, 11),
(118, 3, 673, 11),
(119, 1, 14, 12),
(120, 1, 44, 12),
(121, 1, 268, 12),
(122, 1, 336, 12),
(123, 2, 49, 12),
(124, 2, 168, 12),
(125, 2, 317, 12),
(126, 2, 569, 12),
(127, 3, 89, 12),
(128, 3, 452, 12),
(129, 3, 454, 12),
(130, 3, 544, 12),
(155, 1, 63, 13),
(156, 1, 96, 13),
(157, 1, 326, 13),
(158, 1, 517, 13),
(159, 2, 202, 13),
(160, 2, 561, 13),
(161, 2, 677, 13),
(162, 3, 178, 13),
(163, 3, 203, 13),
(164, 3, 575, 13),
(165, 3, 578, 13),
(166, 1, 299, 14),
(167, 1, 525, 14),
(168, 1, 557, 14),
(169, 2, 95, 14),
(170, 2, 219, 14),
(171, 2, 222, 14),
(172, 2, 247, 14),
(173, 3, 112, 14),
(174, 3, 213, 14),
(175, 3, 689, 14),
(176, 1, 27, 15),
(177, 1, 194, 15),
(178, 1, 231, 15),
(179, 1, 328, 15),
(180, 2, 51, 15),
(181, 2, 105, 15),
(182, 2, 290, 15),
(183, 2, 323, 15),
(184, 3, 423, 15),
(185, 3, 536, 15),
(186, 3, 660, 15),
(187, 1, 353, 16),
(188, 1, 608, 16),
(189, 2, 708, 16),
(190, 2, 710, 16),
(191, 3, 356, 16),
(192, 3, 426, 16),
(193, 3, 442, 16),
(194, 3, 623, 16),
(195, 1, 262, 17),
(196, 1, 274, 17),
(197, 1, 624, 17),
(198, 1, 629, 17),
(199, 2, 215, 17),
(200, 2, 332, 17),
(201, 2, 342, 17),
(202, 2, 551, 17),
(203, 3, 302, 17),
(204, 3, 359, 17),
(205, 3, 510, 17),
(206, 3, 686, 17),
(207, 1, 16, 18),
(208, 1, 21, 18),
(209, 1, 83, 18),
(210, 1, 84, 18),
(211, 2, 163, 18),
(212, 2, 520, 18),
(213, 2, 527, 18),
(214, 2, 581, 18),
(215, 3, 357, 18),
(216, 3, 627, 18),
(217, 3, 662, 18),
(218, 3, 701, 18);

-- --------------------------------------------------------

--
-- Table structure for table `roads`
--

CREATE TABLE `roads` (
  `id` int(11) NOT NULL,
  `roadName` text NOT NULL,
  `idVersion` int(11) NOT NULL
) ENGINE=InnoDB DEFAULT CHARSET=utf8;

--
-- Dumping data for table `roads`
--

INSERT INTO `roads` (`id`, `roadName`, `idVersion`) VALUES
(1, 'Route 1', 1),
(2, 'Route 1', 2),
(3, 'Route 1', 3),
(4, 'Route 2', 1),
(5, 'Route 2', 2),
(6, 'Route 2', 3),
(7, 'Route 3', 1),
(8, 'Route 3', 2),
(9, 'Route 3', 3),
(10, 'Route 4', 1),
(11, 'Route 4', 2),
(12, 'Route 4', 3),
(13, 'Route 5', 1),
(14, 'Route 5', 2),
(15, 'Route 5', 3),
(16, 'Route 6', 1),
(17, 'Route 6', 2),
(18, 'Route 6', 3),
(19, 'Route 7', 1),
(20, 'Route 7', 2),
(21, 'Route 7', 3),
(22, 'Route 8', 1),
(23, 'Route 8', 2),
(24, 'Route 8', 3),
(25, 'Route 9', 1),
(26, 'Route 9', 2),
(27, 'Route 9', 3),
(28, 'Route 10', 1),
(29, 'Route 10', 2),
(30, 'Route 10', 3),
(31, 'Route 11', 1),
(32, 'Route 11', 2),
(33, 'Route 11', 3),
(34, 'Route 12', 1),
(35, 'Route 12', 2),
(36, 'Route 12', 3),
(37, 'Route 13', 1),
(38, 'Route 13', 2),
(39, 'Route 13', 3),
(40, 'Route 14', 1),
(41, 'Route 14', 2),
(42, 'Route 14', 3),
(43, 'Route 15', 1),
(44, 'Route 15', 2),
(45, 'Route 15', 3),
(46, 'Route 16', 1),
(47, 'Route 16', 2),
(48, 'Route 16', 3),
(49, 'Route 17', 1),
(50, 'Route 17', 2),
(51, 'Route 17', 3),
(52, 'Route 18', 1),
(53, 'Route 18', 2),
(54, 'Route 18', 3),
(55, 'Chenal 19', 1),
(56, 'Chenal 19', 2),
(57, 'Chenal 19', 3),
(58, 'Chenal 20', 1),
(59, 'Chenal 20', 2),
(60, 'Chenal 20', 3),
(61, 'Chenal 21', 1),
(62, 'Chenal 21', 2),
(63, 'Chenal 21', 3),
(64, 'Route 22', 1),
(65, 'Route 22', 2),
(66, 'Route 22', 3),
(67, 'Route 23', 1),
(68, 'Route 23', 2),
(69, 'Route 23', 3),
(70, 'Route 24', 1),
(71, 'Route 24', 2),
(72, 'Route 24', 3),
(73, 'Route 25', 1),
(74, 'Route 25', 2),
(75, 'Route 25', 3),
(76, 'Azuria', 1),
(77, 'Azuria', 2),
(78, 'Azuria', 3),
(79, 'Bourg Palette', 1),
(80, 'Bourg Palette', 2),
(81, 'Bourg Palette', 3),
(82, 'Carmin-sur-mer', 1),
(83, 'Carmin-sur-mer', 2),
(84, 'Carmin-sur-mer', 3),
(85, 'Céladopole', 1),
(86, 'Céladopole', 2),
(87, 'Céladopole', 3),
(88, 'Cramois\'Île', 1),
(89, 'Cramois\'Île', 2),
(90, 'Cramois\'Île', 3),
(91, 'Jadielle', 1),
(92, 'Jadielle', 2),
(93, 'Jadielle', 3),
(94, 'Parmanie', 1),
(95, 'Parmanie', 2),
(96, 'Parmanie', 3),
(97, 'Centrale', 1),
(98, 'Centrale', 2),
(99, 'Centrale', 3),
(100, 'Forêt de Jade', 1),
(101, 'Forêt de Jade', 2),
(102, 'Forêt de Jade', 3),
(103, 'Grotte', 1),
(104, 'Grotte', 2),
(105, 'Grotte', 3),
(106, 'Grotte Inconnue', 1),
(107, 'Grotte Inconnue', 2),
(108, 'Grotte Inconnue', 3),
(109, 'Îles Écume', 1),
(110, 'Îles Écume', 2),
(111, 'Îles Écume', 3),
(112, 'Manoir de Cramois\'Île', 1),
(113, 'Manoir de Cramois\'Île', 2),
(114, 'Manoir de Cramois\'Île', 3),
(115, 'Mont Sélénite', 1),
(116, 'Mont Sélénite', 2),
(117, 'Mont Sélénite', 3),
(118, 'Parc Safari', 1),
(119, 'Parc Safari', 2),
(120, 'Parc Safari', 3),
(121, 'Route Victoire', 1),
(122, 'Route Victoire', 2),
(123, 'Route Victoire', 3),
(124, 'Tour Pokémon', 1),
(125, 'Tour Pokémon', 2),
(126, 'Tour Pokémon', 3),
(127, 'Tunnel Taupiqueur', 1),
(128, 'Tunnel Taupiqueur', 2),
(129, 'Tunnel Taupiqueur', 3),
(130, 'Route 1', 4),
(131, 'Route 1', 5),
(132, 'Route 1', 6),
(133, 'Route 2', 4),
(134, 'Route 2', 5),
(135, 'Route 2', 6),
(136, 'Route 3', 4),
(137, 'Route 3', 5),
(138, 'Route 3', 6),
(139, 'Route 4', 4),
(140, 'Route 4', 5),
(141, 'Route 4', 6),
(142, 'Route 5', 4),
(143, 'Route 5', 5),
(144, 'Route 5', 6),
(145, 'Route 6', 4),
(146, 'Route 6', 5),
(147, 'Route 6', 6),
(148, 'Route 7', 4),
(149, 'Route 7', 5),
(150, 'Route 7', 6),
(151, 'Route 8', 4),
(152, 'Route 8', 5),
(153, 'Route 8', 6),
(154, 'Route 9', 4),
(155, 'Route 9', 5),
(156, 'Route 9', 6),
(157, 'Route 10', 4),
(158, 'Route 10', 5),
(159, 'Route 10', 6),
(160, 'Route 11', 4),
(161, 'Route 11', 5),
(162, 'Route 11', 6),
(163, 'Route 12', 4),
(164, 'Route 12', 5),
(165, 'Route 12', 6),
(166, 'Route 13', 4),
(167, 'Route 13', 5),
(168, 'Route 13', 6),
(169, 'Route 14', 4),
(170, 'Route 14', 5),
(171, 'Route 14', 6),
(172, 'Route 15', 4),
(173, 'Route 15', 5),
(174, 'Route 15', 6),
(175, 'Route 16', 4),
(176, 'Route 16', 5),
(177, 'Route 16', 6),
(178, 'Route 17', 4),
(179, 'Route 17', 5),
(180, 'Route 17', 6),
(181, 'Route 18', 4),
(182, 'Route 18', 5),
(183, 'Route 18', 6),
(184, 'Chenal 19', 4),
(185, 'Chenal 19', 5),
(186, 'Chenal 19', 6),
(187, 'Chenal 20', 4),
(188, 'Chenal 20', 5),
(189, 'Chenal 20', 6),
(190, 'Chenal 21', 4),
(191, 'Chenal 21', 5),
(192, 'Chenal 21', 6),
(193, 'Route 22', 4),
(194, 'Route 22', 5),
(195, 'Route 22', 6),
(196, 'Route 23', 4),
(197, 'Route 23', 5),
(198, 'Route 23', 6),
(199, 'Route 24', 4),
(200, 'Route 24', 5),
(201, 'Route 24', 6),
(202, 'Route 25', 4),
(203, 'Route 25', 5),
(204, 'Route 25', 6),
(205, 'Route 26', 4),
(206, 'Route 26', 5),
(207, 'Route 26', 6),
(208, 'Route 27', 4),
(209, 'Route 27', 5),
(210, 'Route 27', 6),
(211, 'Route 28', 4),
(212, 'Route 28', 5),
(213, 'Route 28', 6),
(214, 'Bourg Palette', 4),
(215, 'Bourg Palette', 5),
(216, 'Bourg Palette', 6),
(217, 'Carmin-sur-mer', 4),
(218, 'Carmin-sur-mer', 5),
(219, 'Carmin-sur-mer', 6),
(220, 'Céladopole', 4),
(221, 'Céladopole', 5),
(222, 'Céladopole', 6),
(223, 'Cramois\'Île', 4),
(224, 'Cramois\'Île', 5),
(225, 'Cramois\'Île', 6),
(226, 'Jadielle', 4),
(227, 'Jadielle', 5),
(228, 'Jadielle', 6),
(229, 'Parmanie', 4),
(230, 'Parmanie', 5),
(231, 'Parmanie', 6),
(232, 'Grotte', 4),
(233, 'Grotte', 5),
(234, 'Grotte', 6),
(235, 'Mont Sélénite', 4),
(236, 'Mont Sélénite', 5),
(237, 'Mont Sélénite', 6),
(238, 'Route Victoire', 4),
(239, 'Route Victoire', 5),
(240, 'Route Victoire', 6),
(241, 'Tunnel Taupiqueur', 4),
(242, 'Tunnel Taupiqueur', 5),
(243, 'Tunnel Taupiqueur', 6),
(244, 'Chutes Tohjo', 4),
(245, 'Chutes Tohjo', 5),
(246, 'Chutes Tohjo', 6),
(247, 'Route 29', 4),
(248, 'Route 29', 5),
(249, 'Route 29', 6),
(250, 'Route 30', 4),
(251, 'Route 30', 5),
(252, 'Route 30', 6),
(253, 'Route 31', 4),
(254, 'Route 31', 5),
(255, 'Route 31', 6),
(256, 'Route 32', 4),
(257, 'Route 32', 5),
(258, 'Route 32', 6),
(259, 'Route 33', 4),
(260, 'Route 33', 5),
(261, 'Route 33', 6),
(262, 'Route 34', 4),
(263, 'Route 34', 5),
(264, 'Route 34', 6),
(265, 'Route 35', 4),
(266, 'Route 35', 5),
(267, 'Route 35', 6),
(268, 'Route 36', 4),
(269, 'Route 36', 5),
(270, 'Route 36', 6),
(271, 'Route 37', 4),
(272, 'Route 37', 5),
(273, 'Route 37', 6),
(274, 'Route 38', 4),
(275, 'Route 38', 5),
(276, 'Route 38', 6),
(277, 'Route 39', 4),
(278, 'Route 39', 5),
(279, 'Route 39', 6),
(280, 'Route 40', 4),
(281, 'Route 40', 5),
(282, 'Route 40', 6),
(283, 'Route 41', 4),
(284, 'Route 41', 5),
(285, 'Route 41', 6),
(286, 'Route 42', 4),
(287, 'Route 42', 5),
(288, 'Route 42', 6),
(289, 'Route 43', 4),
(290, 'Route 43', 5),
(291, 'Route 43', 6),
(292, 'Route 44', 4),
(293, 'Route 44', 5),
(294, 'Route 44', 6),
(295, 'Route 45', 4),
(296, 'Route 45', 5),
(297, 'Route 45', 6),
(298, 'Route 46', 4),
(299, 'Route 46', 5),
(300, 'Route 46', 6),
(301, 'Bourg Geon', 4),
(302, 'Bourg Geon', 5),
(303, 'Bourg Geon', 6),
(304, 'Ville Griotte', 4),
(305, 'Ville Griotte', 5),
(306, 'Ville Griotte', 6),
(307, 'Mauville', 4),
(308, 'Mauville', 5),
(309, 'Mauville', 6),
(310, 'Rosalia', 4),
(311, 'Rosalia', 5),
(312, 'Rosalia', 6),
(313, 'Oliville', 4),
(314, 'Oliville', 5),
(315, 'Oliville', 6),
(316, 'Irisia', 4),
(317, 'Irisia', 5),
(318, 'Irisia', 6),
(319, 'Ébènelle', 4),
(320, 'Ébènelle', 5),
(321, 'Ébènelle', 6),
(322, 'Antre du Dragon', 4),
(323, 'Antre du Dragon', 5),
(324, 'Antre du Dragon', 6),
(325, 'Antre Noir', 4),
(326, 'Antre Noir', 5),
(327, 'Antre Noir', 6),
(328, 'Bois aux Chênes', 4),
(329, 'Bois aux Chênes', 5),
(330, 'Bois aux Chênes', 6),
(331, 'Caves Jumelles', 4),
(332, 'Caves Jumelles', 5),
(333, 'Caves Jumelles', 6),
(334, 'Lac Colère', 4),
(335, 'Lac Colère', 5),
(336, 'Lac Colère', 6),
(337, 'Mont Argent', 4),
(338, 'Mont Argent', 5),
(339, 'Mnt Argent', 6),
(340, 'Mont Creuset', 4),
(341, 'Mont Creuset', 5),
(342, 'Mont Creuset', 6),
(343, 'Parc Naturel', 4),
(344, 'Parc Naturel', 5),
(345, 'Parc Naturel', 6),
(346, 'Puit Ramoloss', 4),
(347, 'Puit Ramoloss', 5),
(348, 'Puit Ramoloss', 6),
(349, 'Repère Rocket', 4),
(350, 'Repère Rocket', 5),
(351, 'Repère Rocket', 6),
(352, 'Route de Glace', 4),
(353, 'Route de Glace', 5),
(354, 'Route de Glace', 6),
(355, 'Ruines d\'Alpha', 4),
(356, 'Ruines d\'Alpha', 5),
(357, 'Ruines d\'Alpha', 6),
(358, 'Tour Cendrée', 4),
(359, 'Tour Cendrée', 5),
(360, 'Tour Cendrée', 6),
(361, 'Tour Chétiflor', 4),
(362, 'Tour Chétiflor', 5),
(363, 'Tour Chétiflor', 6),
(364, 'Tour Ferraille', 4),
(365, 'Tour Ferraille', 5),
(366, 'Tour Ferraille', 6),
(367, 'Tourb\'Îles', 4),
(368, 'Tourb\'Îles', 5),
(369, 'Tourb\'Îles', 6),
(370, 'Clémenti-Ville', 7),
(371, 'Clémenti-Ville', 8),
(372, 'Myokara', 7),
(373, 'Myokara', 8),
(374, 'Poivressel', 7),
(375, 'Poivressel', 8),
(376, 'Cimetronelle', 7),
(377, 'Cimetronnelle', 8),
(378, 'Nénucrique', 7),
(379, 'Nénucrique', 8),
(380, 'Algatia', 7),
(381, 'Algatia', 8),
(382, 'Atalanopolis', 7),
(383, 'Atalanopolis', 8),
(384, 'Pacifiville', 7),
(385, 'Pacifiville', 8),
(386, 'Eternara', 7),
(387, 'Eternara', 8),
(388, 'Route 101', 7),
(389, 'Route 101', 8),
(390, 'Route 102', 7),
(391, 'Route 102', 8),
(392, 'Route 103', 7),
(393, 'Route 103', 8),
(394, 'Route 104', 7),
(395, 'Route 104', 8),
(396, 'Chenal 105', 7),
(397, 'Chenal 105', 8),
(398, 'Chenal 106', 7),
(399, 'Chenal 106', 8),
(400, 'Chenal 107', 7),
(401, 'Chenal 107', 8),
(402, 'Chenal 108', 7),
(403, 'Chenal 108', 8),
(404, 'Chenal 109', 7),
(405, 'Chenal 109', 8),
(406, 'Route 110', 7),
(407, 'Route 110', 8),
(408, 'Route 111', 7),
(409, 'Route 111', 8),
(410, 'Route 112', 7),
(411, 'Route 112', 8),
(412, 'Route 113', 7),
(413, 'Route 113', 8),
(414, 'Route 114', 7),
(415, 'Route 114', 8),
(416, 'Route 115', 7),
(417, 'Route 115', 8),
(418, 'Route 116', 7),
(419, 'Route 116', 8),
(420, 'Route 117', 7),
(421, 'Route 117', 8),
(422, 'Route 118', 7),
(423, 'Route 118', 8),
(424, 'Route 119', 7),
(425, 'Route 119', 8),
(426, 'Route 120', 7),
(427, 'Route 120', 8),
(428, 'Route 121', 7),
(429, 'Route 121', 8),
(430, 'Chenal 122', 7),
(431, 'Chenal 122', 8),
(432, 'Route 123', 7),
(433, 'Route 123', 8),
(434, 'Chenal 124', 7),
(435, 'Chenal 124', 8),
(436, 'Chenal 125', 7),
(437, 'Chenal 125', 8),
(438, 'Chenal 126', 7),
(439, 'Chenal 126', 8),
(440, 'Chenal 127', 7),
(441, 'Chenal 127', 8),
(442, 'Chenal 128', 7),
(443, 'Chenal 128', 8),
(444, 'Chenal 129', 7),
(445, 'Chenal 129', 8),
(446, 'Chenal 130', 7),
(447, 'Chenal 130', 8),
(448, 'Chenal 131', 7),
(449, 'Chenal 131', 8),
(450, 'Chenal 132', 7),
(451, 'Chenal 132', 8),
(452, 'Chenal 133', 7),
(453, 'Chenal 133', 8),
(454, 'Chenal 134', 7),
(455, 'Chenal 134', 8),
(456, 'Fond de Mer', 7),
(457, 'Fond de Mer', 8),
(458, 'Caverne Fondmer', 7),
(459, 'Caverne Fondmer', 8),
(460, 'Chemin Ardent', 7),
(461, 'Chemin Ardent', 8),
(462, 'Grotte Granite', 7),
(463, 'Grotte Granite', 8),
(464, 'Grotte de lîlot', 7),
(465, 'Grotte de lîlot', 8),
(466, 'Grotte Origine', 7),
(467, 'Grotte Tréfonds', 8),
(468, 'Grotte Tréfonds', 7),
(469, 'Grotte Zénith', 8),
(470, 'Grotte Zénith', 7),
(471, 'Route Victoire', 8),
(472, 'Route Victoire', 7),
(473, 'Ruines désert', 8),
(474, 'Ruines désert', 7),
(475, 'Site météore', 8),
(476, 'Tombeau Antique', 7),
(477, 'Tombeau Antique', 8),
(478, 'Tunnel Mérazon', 7),
(479, 'Tunnel Mérazon', 8),
(480, 'Ile Mirage', 7),
(481, 'Ile Mirage', 8),
(482, 'Bois Clémenti', 7),
(483, 'Vois Clémenti', 8),
(484, 'Centre météo', 7),
(485, 'Centre météo', 8),
(486, 'Epave', 7),
(487, 'Epave', 8),
(488, 'Mont Mémoria', 7),
(489, 'Mont Mémoria', 8),
(490, 'New Lavandia', 7),
(491, 'New Lavandia', 8),
(492, 'Parc Safari', 7),
(493, 'Parc Safari', 8),
(494, 'Pilier Céléste', 7),
(495, 'Pilier Céléste', 8),
(496, 'Planque Aqua / Magma', 7),
(497, 'Planque Aqua / Magma', 8),
(498, 'Santier Sinuroc', 7),
(499, 'Santier Sinuroc', 8),
(500, 'Clémenti-Ville', 9),
(501, 'Myokara', 9),
(502, 'Poivressel', 9),
(503, 'Cimetronnelle', 9),
(504, 'Nénucrique', 9),
(505, 'Algatia', 9),
(506, 'Atalanopolis', 9),
(507, 'Pacifiville', 9),
(508, 'Eternara', 9),
(509, 'Route 101', 9),
(510, 'Route 102', 9),
(511, 'Route 103', 9),
(512, 'Route 104', 9),
(513, 'Chenal 105', 9),
(514, 'Chenal 106', 9),
(515, 'Chenal 107', 9),
(516, 'Chenal 108', 9),
(517, 'Chenal 109', 9),
(518, 'Route 110', 8),
(519, 'Route 111', 9),
(520, 'Route 112', 9),
(521, 'Route 113', 9),
(522, 'Route 114', 9),
(523, 'Route 115', 9),
(524, 'Route 116', 9),
(525, 'Route 117', 9),
(526, 'Route 118', 9),
(527, 'Route 119', 9),
(528, 'Route 120', 9),
(529, 'Route 121', 9),
(530, 'Chenal 122', 9),
(531, 'Route 123', 9),
(532, 'Chenal 124', 9),
(533, 'Chenal 125', 9),
(534, 'Chenal 126', 9),
(535, 'Chenal 127', 9),
(536, 'Chenal 128', 9),
(537, 'Chenal 129', 9),
(538, 'Chenal 130', 9),
(539, 'Chenal 131', 9),
(540, 'Chenal 132', 9),
(541, 'Chenal 133', 9),
(542, 'Chenal 134', 9),
(543, 'Fond de Mer', 9),
(544, 'Caverne Fondmer', 9),
(545, 'Chemin Ardent', 9),
(546, 'Grotte Granite', 9),
(547, 'Grotte de lîlot', 9),
(548, 'Grotte Tréfonds', 9),
(549, 'Grotte Zénith', 9),
(550, 'Route Victoire', 9),
(551, 'Ruines désert', 9),
(552, 'Site météore', 9),
(553, 'Tombeau Antique', 9),
(554, 'Tunnel Mérazon', 9),
(555, 'Ile Mirage', 9),
(556, 'Vois Clémenti', 9),
(557, 'Centre météo', 9),
(558, 'Epave', 9),
(559, 'Mont Mémoria', 9),
(560, 'New Lavandia', 9),
(561, 'Parc Safari', 9),
(562, 'Pilier Céléste', 9),
(563, 'Planque Aqua / Magma', 9),
(564, 'Santier Sinuroc', 9),
(565, 'Île Aurore', 9),
(566, 'Île Lointaine', 9),
(567, 'Roc Nombril', 9),
(568, 'Tour Mirage', 9),
(569, 'Zone de Combat', 9),
(570, 'Route 1', 10),
(571, 'Route 1', 11),
(572, 'Route 2', 10),
(573, 'Route 2', 11),
(574, 'Route 3', 10),
(575, 'Route 3', 11),
(576, 'Route 4', 10),
(577, 'Route 4', 11),
(578, 'Route 5', 10),
(579, 'Route 5', 11),
(580, 'Route 6', 10),
(581, 'Route 6', 11),
(582, 'Route 7', 10),
(583, 'Route 7', 11),
(584, 'Route 8', 10),
(585, 'Route 8', 11),
(586, 'Route 9', 10),
(587, 'Route 9', 11),
(588, 'Route 10', 10),
(589, 'Route 10', 11),
(590, 'Route 11', 10),
(591, 'Route 11', 11),
(592, 'Route 12', 10),
(593, 'Route 12', 11),
(594, 'Route 13', 10),
(595, 'Route 13', 11),
(596, 'Route 14', 10),
(597, 'Route 14', 11),
(598, 'Route 15', 10),
(599, 'Route 15', 11),
(600, 'Route 16', 10),
(601, 'Route 16', 11),
(602, 'Route 17', 10),
(603, 'Route 17', 11),
(604, 'Route 18', 10),
(605, 'Route 18', 11),
(606, 'Chenal 19', 10),
(607, 'Chenal 19', 11),
(608, 'Chenal 20', 10),
(609, 'Chenal 20', 11),
(610, 'Chenal 21', 10),
(611, 'Chenal 21', 11),
(612, 'Route 22', 10),
(613, 'Route 22', 11),
(614, 'Route 23', 10),
(615, 'Route 23', 11),
(616, 'Route 24', 10),
(617, 'Route 24', 11),
(618, 'Route 25', 10),
(619, 'Route 25', 11),
(620, 'Azuria', 10),
(621, 'Azuria', 11),
(622, 'Bourg Palette', 10),
(623, 'Bourg Palette', 11),
(624, 'Carmin-sur-mer', 10),
(625, 'Carmin-sur-mer', 11),
(626, 'Céladopole', 10),
(627, 'Céladopole', 11),
(628, 'Cramois\'Île', 10),
(629, 'Cramois\'Île', 11),
(630, 'Jadielle', 10),
(631, 'Jadielle', 11),
(632, 'Parmanie', 10),
(633, 'Parmanie', 11),
(634, 'Centrale', 10),
(635, 'Centrale', 11),
(636, 'Forêt de Jade', 10),
(637, 'Forêt de Jade', 11),
(638, 'Grotte', 10),
(639, 'Grotte', 11),
(640, 'Grotte Inconnue', 10),
(641, 'Grotte Inconnue', 11),
(642, 'Îles Écume', 10),
(643, 'Îles Écume', 11),
(644, 'Manoir de Cramois\'Île', 10),
(645, 'Manoir de Cramois\'Île', 11),
(646, 'Mont Sélénite', 10),
(647, 'Mont Sélénite', 11),
(648, 'Parc Safari', 10),
(649, 'Parc Safari', 11),
(650, 'Route Victoire', 10),
(651, 'Route Victoire', 11),
(652, 'Tour Pokémon', 10),
(653, 'Tour Pokémon', 11),
(654, 'Tunnel Taupiqueur', 10),
(655, 'Tunnel Taupiqueur', 11),
(656, 'Ville(île 1)', 10),
(657, 'Ville(île 1)', 11),
(658, 'Mont Braise(île 1)', 10),
(659, 'Mont Braise(île 1)', 11),
(660, 'Plage Trésor(île 1)', 10),
(661, 'Plage Trésor(île 1)', 11),
(662, 'Route Tison(île 1)', 10),
(663, 'Route Tison(île 1)', 11),
(664, 'Cap Falaise(île 2)', 10),
(665, 'Cap Falaise(île 2)', 11),
(666, 'Bois Baies(île 3)', 10),
(667, 'Bois Baies(île 3))', 11),
(668, 'Pont du Lien(île 3)', 10),
(669, 'Pont du Lien(île 3)', 11),
(670, 'Port(île 3)', 10),
(671, 'Port(île 3)', 11),
(672, 'Grotte de Glace(île 4)', 10),
(673, 'Grotte de Glace(île 4)', 11),
(674, 'Ville(île 4)', 10),
(675, 'Ville(île 4)', 11),
(676, 'Camp de vacances(île 5)', 10),
(677, 'Camp de vacances(île 5)', 11),
(678, 'Grotte Perdue(île 5)', 10),
(679, 'Grotte Perdue(île 5)', 11),
(680, 'Labyrinthe d\'O(île 5)', 10),
(681, 'Labyrinthe d\'O(île 5)', 11),
(682, 'Mémorial(île 5)', 10),
(683, 'Mémorial(île 5)', 11),
(684, 'Pré(île 5)', 10),
(685, 'Pré(île 5)', 11),
(686, 'Ville(île 5)', 10),
(687, 'Ville(île 5)', 11),
(688, 'Agualcanal(île 6)', 10),
(689, 'Agualcanal(île 6)', 11),
(690, 'Chemin vert(île 6)', 10),
(691, 'Chemin vert(île 6)', 11),
(692, 'Fortbuissons(île 6)', 10),
(693, 'Fortbuisons(île 6)', 11),
(694, 'Grotte Métamo(île 6)', 10),
(695, 'Grotte Métamo(île 6)', 11),
(696, 'Île du Lointain(île 6)', 10),
(697, 'Île du Lointain(île 6)', 11),
(698, 'Vallée Ruine(île 6)', 10),
(699, 'Vallée Ruine(île 6)', 11),
(700, 'Canyon Sesor(île 7)', 10),
(701, 'Canyon Sesor(île 7)', 11),
(702, 'Chambres Tanoby(île 7)', 10),
(703, 'Chambres Tanoby(île 7)', 11),
(704, 'Entrée du Canyon(île 7)', 10),
(705, 'Entrée du Canyon(île 7)', 11),
(706, 'Ruines Tanoby(île 7)', 10),
(707, 'Ruines Tanoby(île 7)', 11),
(708, 'Tour Dresseurs(île 7)', 10),
(709, 'Tour Dresseurs(île 7)', 11),
(710, 'Île Aurore', 10),
(711, 'Île Aurore', 11),
(712, 'Roc Nombri', 10),
(713, 'Roc Nombri', 11),
(714, 'Bonaugure', 12),
(715, 'Bonaugure', 13),
(716, 'Unionpolis', 12),
(717, 'Unionpolis', 13),
(718, 'Verchamps', 12),
(719, 'Verchamps', 13),
(720, 'Vestigion', 12),
(721, 'Vestigion', 13),
(722, 'Rivamar', 12),
(723, 'Rivamar', 13),
(724, 'Ligue Pokemon', 12),
(725, 'Ligue Pokemon', 13),
(726, 'Joliberges', 12),
(727, 'Joliberges', 13),
(728, 'Frimapic', 12),
(729, 'Frimapic', 13),
(730, 'Charbourg', 12),
(731, 'Charbourg', 13),
(732, 'Célestia', 12),
(733, 'Célestia', 13),
(734, 'Route 201', 12),
(735, 'Route 201', 13),
(736, 'Route 202', 12),
(737, 'Route 202', 13),
(738, 'Route 203', 12),
(739, 'Route 203', 13),
(740, 'Route 204', 12),
(741, 'Route 204', 13),
(742, 'Route 205', 12),
(743, 'Route 205', 13),
(744, 'Route 206', 12),
(745, 'Route 206', 13),
(746, 'Route 207', 12),
(747, 'Route 207', 13),
(748, 'Route 208', 12),
(749, 'Route 208', 13),
(750, 'Route 209', 12),
(751, 'Route 209', 13),
(752, 'Route 210', 12),
(753, 'Route 210', 13),
(754, 'Route 211', 12),
(755, 'Route 211', 13),
(756, 'Route 212', 12),
(757, 'Route 212', 13),
(758, 'Route 213', 12),
(759, 'Route 213', 13),
(760, 'Route 214', 12),
(761, 'Route 214', 13),
(762, 'Route 215', 12),
(763, 'Route 215', 13),
(764, 'Route 216', 12),
(765, 'Route 216', 13),
(766, 'Route 217', 12),
(767, 'Route 217', 13),
(768, 'Route 218', 12),
(769, 'Route 218', 13),
(770, 'Route 219', 12),
(771, 'Route 219', 13),
(772, 'Route 220', 12),
(773, 'Route 220', 13),
(774, 'Route 221', 12),
(775, 'Route 221', 13),
(776, 'Route 222', 12),
(777, 'Route 222', 13),
(778, 'Route 223', 12),
(779, 'Route 223', 13),
(780, 'Route 224', 12),
(781, 'Route 224', 13),
(782, 'Route 225', 12),
(783, 'Route 225', 13),
(784, 'Route 226', 12),
(785, 'Route 226', 13),
(786, 'Route 227', 12),
(787, 'Route 227', 13),
(788, 'Route 228', 12),
(789, 'Route 228', 13),
(790, 'Route 229', 12),
(791, 'Route 229', 13),
(792, 'Route 230', 12),
(793, 'Route 230', 13),
(794, 'Chemin rocheux', 12),
(795, 'Chemin rocheux', 13),
(796, 'Entrée Charbourg', 12),
(797, 'Entrée Charbourg', 13),
(798, 'Forêt de Vestigion', 12),
(799, 'Forêt de Vestigion', 13),
(800, 'Forge Fuego', 12),
(801, 'Forge Fuego', 13),
(802, 'Grand Marais', 12),
(803, 'Grand Marais', 13),
(804, 'Grotte Revêche', 12),
(805, 'Grotte Revêche', 13),
(806, 'Île de Fer', 12),
(807, 'Île de Fer', 13),
(808, 'Lac Courage', 12),
(809, 'Lac Courage', 13),
(810, 'Lac Savoir', 12),
(811, 'Lac Savoir', 13),
(812, 'Lac Vérité', 12),
(813, 'Lac Vérité', 13),
(814, 'Les éoliennes', 12),
(815, 'Les éoliennes', 13),
(816, 'Manoir Pokemon', 12),
(817, 'Manoir Pokemon', 13),
(818, 'Mine Charbourg', 12),
(819, 'Mine Charbourg', 13),
(820, 'Mont Couronné', 12),
(821, 'Mont Couronné', 13),
(822, 'Mont Couronné(Nord)', 12),
(823, 'Mont Couronné(Nord)', 13),
(824, 'Route Victoire', 12),
(825, 'Route Victoire', 13),
(826, 'Ruines Bonvilles', 12),
(827, 'Ruines Bonvilles', 13),
(828, 'Temple Frimapic', 12),
(829, 'Temple Frimapic', 13),
(830, 'Tour Perdue', 12),
(831, 'Tour Perdue', 13),
(832, 'Vieux Château', 12),
(833, 'Vieux Château', 13),
(834, 'Mont Abrupt', 12),
(835, 'Mont Abrupt', 13),
(836, 'Colonnes Lances', 12),
(837, 'Colonnes Lances', 13),
(838, 'Bonaugure', 14),
(839, 'Célestia', 14),
(840, 'Charbourg', 14),
(841, 'Frimapic', 14),
(842, 'Joliberges', 14),
(843, 'Ligue Pokémon', 14),
(844, 'Rivamar', 14),
(845, 'Unionpolis', 14),
(846, 'Verchamps', 14),
(847, 'Vestigion', 14),
(848, 'Route 201', 14),
(849, 'Route 202', 14),
(850, 'Route 203', 14),
(851, 'Route 204', 14),
(852, 'Route 205', 14),
(853, 'Route 206', 14),
(854, 'Route 207', 14),
(855, 'Route 208', 14),
(856, 'Route 209', 14),
(857, 'Route 210', 14),
(858, 'Route 211', 14),
(859, 'Route 212', 14),
(860, 'Route 213', 14),
(861, 'Route 214', 14),
(862, 'Route 215', 14),
(863, 'Route 216', 14),
(864, 'Route 217', 14),
(865, 'Route 218', 14),
(866, 'Route 219', 14),
(867, 'Route 220', 14),
(868, 'Route 221', 14),
(869, 'Route 222', 14),
(870, 'Route 223', 14),
(871, 'Chemin Rocheux', 14),
(872, 'Entrée Charbourg', 14),
(873, 'Forêt Vestigion', 14),
(874, 'Forge Fuego', 14),
(875, 'Grand Marais', 14),
(876, 'Grotte Revêche', 14),
(877, 'Ile de Fer', 14),
(878, 'Lac Courage', 14),
(879, 'Lac Savoir', 14),
(880, 'Lac Vérité', 14),
(881, 'Les Eoliennes', 14),
(882, 'Manoir Pokémon', 14),
(883, 'Mine Charbourg', 14),
(884, 'Mont Couronné', 14),
(885, 'Mont Couronné (nord)', 14),
(886, 'QG de la Team Galaxie', 14),
(887, 'Route Victoire', 14),
(888, 'Ruines Bonville', 14),
(889, 'Square Paisible', 14),
(890, 'Temple Frimapic', 14),
(891, 'Tour Perdue', 14),
(892, 'Vieux Chateau', 14),
(893, 'Aire de Combat', 14),
(894, 'Aire de Détente', 14),
(895, 'Aire de Survie', 14),
(896, 'Mont Abrupt', 14),
(897, 'Parc des Combats', 14),
(898, 'Route 225', 14),
(899, 'Route 226', 14),
(900, 'Route 227', 14),
(901, 'Route 228', 14),
(902, 'Route 229', 14),
(903, 'Route 230', 14),
(904, 'route 1', 15),
(905, 'route 1', 16),
(906, 'route 2', 15),
(907, 'route 2', 16),
(908, 'route 3', 15),
(909, 'route 3', 16),
(910, 'route 4', 15),
(911, 'route 4', 16),
(912, 'route 5', 15),
(913, 'route 5', 16),
(914, 'route 6', 15),
(915, 'route 6', 16),
(916, 'route 7', 15),
(917, 'route 7', 16),
(918, 'route 8', 15),
(919, 'route 8', 16),
(920, 'route 9', 15),
(921, 'route 9', 16),
(922, 'route 10', 15),
(923, 'route 10', 16),
(924, 'route 11', 15),
(925, 'route 11', 16),
(926, 'route 12', 15),
(927, 'route 12', 16),
(928, 'route 13', 15),
(929, 'route 13', 16),
(930, 'route 14', 15),
(931, 'route 14', 16),
(932, 'route 15', 15),
(933, 'route 15', 16),
(934, 'route 16', 15),
(935, 'route 16', 16),
(936, 'route 17', 15),
(937, 'route 17', 16),
(938, 'route 18', 15),
(939, 'route 18', 16),
(940, 'chenal 19', 15),
(941, 'chenal 19', 16),
(942, 'chenal 20', 15),
(943, 'chenal 20', 16),
(944, 'chenal 21', 15),
(945, 'chenal 21', 16),
(946, 'route 22', 15),
(947, 'route 22', 16),
(948, 'route 23', 15),
(949, 'route 23', 16),
(950, 'route 24', 15),
(951, 'route 24', 16),
(952, 'route 25', 15),
(953, 'route 25', 16),
(954, 'Argenta', 15),
(955, 'Argenta', 16),
(956, 'Azuria', 15),
(957, 'Azuria', 16),
(958, 'Bourg-Palette', 15),
(959, 'Carmin-sur-Mer', 16),
(960, 'Céladopole', 15),
(961, 'Céladopole', 16),
(962, 'Cramois\'Île', 15),
(963, 'Cramois\'Île', 16),
(964, 'Jadielle', 15),
(965, 'Jadielle', 16),
(966, 'Lavanville', 15),
(967, 'Lavanville', 16),
(968, 'Parmanie', 15),
(969, 'Parmanie', 16),
(970, 'Plateau Indigo', 15),
(971, 'Plateau Indigo', 16),
(972, 'Safrania', 15),
(973, 'Safrania', 16),
(974, 'Centrale', 15),
(975, 'Centrale', 16),
(976, 'Forêt de Jade', 15),
(977, 'Forêt de Jade', 16),
(978, 'Grotte', 15),
(979, 'Grotte', 16),
(980, 'Grotte Inconnue', 15),
(981, 'Grotte Inconnue', 16),
(982, 'Îles Écume', 15),
(983, 'Îles Écume', 16),
(984, 'Manoir de Cramois\'Île', 15),
(985, 'Manoir de Cramois\'Île', 16),
(986, 'Mont Sélénite', 15),
(987, 'Mont Sélénite', 16),
(988, 'L\'Océane', 15),
(989, 'L\'Océane', 16),
(990, 'Parc des amis', 15),
(991, 'Parc des amis', 16),
(992, 'Repère Rocket du Casino', 15),
(993, 'Repère Rocket du Casino', 16),
(994, 'Route Victoire', 15),
(995, 'Route Victoire', 16),
(996, 'Siège Social de la Sylphe SARL', 15),
(997, 'Siège Social de la Sylphe SARL', 16),
(998, 'Tour Pokémon', 15),
(999, 'Tour Pokémon', 16),
(1000, 'Tunnel Taupiqueur', 15),
(1001, 'Tunnel Taupiqueur', 16),
(1002, 'Souterrain Est-Ouest', 15),
(1003, 'Souterrain Est-Ouest', 16),
(1004, 'Souterrain Nord-Sud', 15),
(1005, 'Souterrain Nord-Sud', 16),
(1006, 'Villa de Léo', 15),
(1007, 'Villa de Léo', 16),
(1008, 'Route 29', 15),
(1009, 'Route 29', 16),
(1010, 'Route 30', 15),
(1011, 'Route 30', 16),
(1012, 'Route 31', 15),
(1013, 'Route 31', 16),
(1014, 'Route 32', 15),
(1015, 'Route 32', 16),
(1016, 'Route 33', 15),
(1017, 'Route 33', 16),
(1018, 'Route 34', 15),
(1019, 'Route 34', 16),
(1020, 'Route 35', 15),
(1021, 'Route 35', 16),
(1022, 'Route 36', 15),
(1023, 'Route 36', 16),
(1024, 'Route 37', 15),
(1025, 'Route 37', 16),
(1026, 'Route 38', 15),
(1027, 'Route 38', 16),
(1028, 'Route 39', 15),
(1029, 'Route 39', 16),
(1030, 'Chenal 40', 15),
(1031, 'Chenal 40', 16),
(1032, 'Chenal 41', 15),
(1033, 'Chenal 41', 16),
(1034, 'Route 42', 15),
(1035, 'Route 42', 16),
(1036, 'Route 43', 15),
(1037, 'Route 43', 16),
(1038, 'Route 44', 15),
(1039, 'Route 44', 16),
(1040, 'Route 45', 15),
(1041, 'Route 45', 16),
(1042, 'Route 46', 15),
(1043, 'Route 46', 16),
(1044, 'Bourg Geon', 15),
(1045, 'Bourg Geon', 16),
(1046, 'Ville Griotte', 16),
(1047, 'Ville Griotte', 15),
(1048, 'Mauville', 16),
(1049, 'Mauville', 15),
(1050, 'Ecorcia', 16),
(1051, 'Ecorcia', 15),
(1052, 'Doublonville', 16),
(1053, 'Doublonville', 15),
(1054, 'Rosalia', 16),
(1055, 'Rosalia', 15),
(1056, 'Oliville', 16),
(1057, 'Oliville', 15),
(1058, 'Irisia', 16),
(1059, 'Irisia', 15),
(1060, 'Acajou', 16),
(1061, 'Acajou', 15),
(1062, 'Ebenelle', 16),
(1063, 'Ebenelle', 15),
(1064, 'L\'Aquaria', 16),
(1065, 'L\'Aquaria', 15),
(1066, 'Antre du Dragon', 16),
(1067, 'Antre du Dragon', 15),
(1068, 'Antre Noir', 16),
(1069, 'Antre Noir', 15),
(1070, 'Bois aux Chênes', 16),
(1071, 'Bois aux Chênes', 15),
(1072, 'Caves Jumelles', 16),
(1073, 'Caves Jumelles', 15),
(1074, 'Lac Colère', 16),
(1075, 'Lac Colère', 15),
(1076, 'Mont Argent', 16),
(1077, 'Mont Argent', 15),
(1078, 'Mont Creuset', 16),
(1079, 'Mont Creuser', 15),
(1080, 'Parc Naturel', 16),
(1081, 'Parc Naturel', 15),
(1082, 'Phare d\'Oliville', 16),
(1083, 'Phare d\'Oliville', 15),
(1084, 'Puits Ramoloss', 16),
(1085, 'Puits Ramoloss', 15),
(1086, 'Repère Rocket', 16),
(1087, 'Repère Rocket', 15),
(1088, 'Route de Glace', 16),
(1089, 'Route de Glace', 15),
(1090, 'Ruines Alpha', 16),
(1091, 'Ruines Alpha', 15),
(1092, 'Souterrain de Doublonville', 16),
(1093, 'Souterrain de Doublonville', 15),
(1094, 'Tour Cendrée', 16),
(1095, 'Tour Cendrée', 15),
(1096, 'Tour Chétiflor', 16),
(1097, 'Tour Chétiflor', 15),
(1098, 'Tour de Combat', 16),
(1099, 'Tour de Combat', 15),
(1100, 'Tour Ferraille', 15),
(1101, 'Tour Ferraille', 16),
(1102, 'Tour Radio de Doublonville', 15),
(1103, 'Tour Radio de Doublonville', 16),
(1104, 'Tourb\'Iles', 15),
(1105, 'Tourb\'Iles', 16),
(1106, 'route 1', 17),
(1107, 'route 1', 18),
(1108, 'route 2', 17),
(1109, 'route 2', 18),
(1110, 'route 3', 17),
(1111, 'route 3', 18),
(1112, 'route 4', 17),
(1113, 'route 4', 18),
(1114, 'route 5', 17),
(1115, 'route 5', 18),
(1116, 'route 6', 17),
(1117, 'route 6', 18),
(1118, 'route 7', 17),
(1119, 'route 7', 18),
(1120, 'route 8', 17),
(1121, 'route 8', 18),
(1122, 'route 9', 17),
(1123, 'route 9', 18),
(1124, 'route 10', 17),
(1125, 'route 10', 18),
(1126, 'route 11', 17),
(1127, 'route 11', 18),
(1128, 'route 12', 17),
(1129, 'route 12', 18),
(1130, 'route 13', 17),
(1131, 'route 13', 18),
(1132, 'route 14', 17),
(1133, 'route 14', 18),
(1134, 'route 15', 17),
(1135, 'route 15', 18),
(1136, 'route 16', 17),
(1137, 'route 16', 18),
(1138, 'route 17', 17),
(1139, 'route 17', 18),
(1140, 'route 18', 17),
(1141, 'route 18', 18),
(1142, 'Arabelle', 17),
(1143, 'Arabelle', 18),
(1144, 'Entrelasque', 17),
(1145, 'Entrelasque', 18),
(1146, 'Flocombe', 17),
(1147, 'Flocombe', 18),
(1148, 'Forêt Blanche', 18),
(1149, 'Janusia', 17),
(1150, 'Janusia', 18),
(1151, 'Maillard', 17),
(1152, 'Maillard', 18),
(1153, 'Méanville', 17),
(1154, 'Méanville', 18),
(1155, 'Ogoesse', 17),
(1156, 'Ogoesse', 18),
(1157, 'Parsemille', 17),
(1158, 'Parsemille', 18),
(1159, 'Port Yoneuve', 17),
(1160, 'Port Yoneuve', 18),
(1161, 'Renouet', 17),
(1162, 'Renouet', 18),
(1163, 'Rotombourg', 17),
(1164, 'Rotombourg', 18),
(1165, 'Vaguelone', 17),
(1166, 'Vaguelone', 18),
(1167, 'Ville Noire', 17),
(1168, 'Volucité', 17),
(1169, 'Volucité', 18),
(1170, 'Autel Abondance', 17),
(1171, 'Autel Abondance', 18),
(1172, 'Antre d\'Entrainement', 17),
(1173, 'Antre d\'Entrainement', 18),
(1174, 'Baie Vaguelone', 17),
(1175, 'Baie Vaguelone', 18),
(1176, 'Bois des Illusions', 17),
(1177, 'Bois des Illusions', 18),
(1178, 'Centre Commercial', 17),
(1179, 'Centre Commercial', 18),
(1180, 'Château Enfoui', 17),
(1181, 'Château Enfoui', 18),
(1182, 'Désert Délassant', 17),
(1183, 'Désert Délassant', 18),
(1184, 'Forêt d\'Empoigne', 17),
(1185, 'Forêt d\'Empoigne', 18),
(1186, 'Grotte Cyclopéenne', 17),
(1187, 'Grotte Cyclopéenne', 18),
(1188, 'Grotte Électrolithe', 17),
(1189, 'Grotte Électrolithe', 18),
(1190, 'Grotte Parsemille', 17),
(1191, 'Grotte Parsemille', 18),
(1192, 'Hangar Frigorifique', 17),
(1193, 'Hangar Frigorifique', 18),
(1194, 'Île Liberté', 17),
(1195, 'Île Liberté', 18),
(1196, 'Labo P2', 17),
(1197, 'Labo P2', 18),
(1198, 'Ligue Pokémon', 17),
(1199, 'Ligue Pokémon', 18),
(1200, 'Engrenage du Métro', 17),
(1201, 'Engrenage du Métro', 18),
(1202, 'Mont Foré', 17),
(1203, 'Mont Foré', 18),
(1204, 'Palais de N', 17),
(1205, 'Palais de N', 18),
(1206, 'Pont de l\'Inconnu', 17),
(1207, 'Pont de l\'Inconnu', 18),
(1208, 'Pont Ferroviaire', 17),
(1209, 'Pont Ferroviaire', 18),
(1210, 'Pont du Hameau', 17),
(1211, 'Pont du Hameau', 18),
(1212, 'Pont Sagiciel', 17),
(1213, 'Pont Sagiciel', 18),
(1214, 'Pont Yoneuve', 17),
(1215, 'Pont Yoneuve', 18),
(1216, 'Route Victoire', 17),
(1217, 'Route Victoire', 18),
(1218, 'Ruines des Abysses', 17),
(1219, 'Ruines des Abysses', 18),
(1220, 'Tour des Cieux', 17),
(1221, 'Tour des Cieux', 18),
(1222, 'Tour Dragospire', 17),
(1223, 'Tour Dragospire', 18),
(1224, 'Tour Union', 17),
(1225, 'Tour Union', 18),
(1226, 'Tourbière Flocombe', 17),
(1227, 'Tourbière Flocombe', 18),
(1228, 'Veine Souterraine', 17),
(1229, 'Veine Souterraine', 18),
(1230, 'Vestiges du Rêve', 17),
(1231, 'Vestiges du Rêve', 18),
(1232, 'route 1', 19),
(1233, 'route 1', 20),
(1234, 'route 2', 19),
(1235, 'route 2', 20),
(1236, 'route 3', 19),
(1237, 'route 3', 20),
(1238, 'route 4', 19),
(1239, 'route 4', 20),
(1240, 'route 5', 19),
(1241, 'route 5', 20),
(1242, 'route 6', 19),
(1243, 'route 6', 20),
(1244, 'route 7', 19),
(1245, 'route 7', 20),
(1246, 'route 8', 19),
(1247, 'route 8', 20),
(1248, 'route 9', 19),
(1249, 'route 9', 20),
(1250, 'route 11', 19),
(1251, 'route 11', 20),
(1252, 'route 12', 19),
(1253, 'route 12', 20),
(1254, 'route 13', 19),
(1255, 'route 13', 20),
(1256, 'route 14', 19),
(1257, 'route 14', 20),
(1258, 'route 15', 19),
(1259, 'route 15', 20),
(1260, 'route 16', 19),
(1261, 'route 16', 20),
(1262, 'Chenal 17', 19),
(1263, 'Chenal 17', 20),
(1264, 'route 18', 19),
(1265, 'route 18', 20),
(1266, 'route 19', 19),
(1267, 'route 19', 20),
(1268, 'route 20', 19),
(1269, 'route 20', 20),
(1270, 'route 21', 19),
(1271, 'route 21', 20),
(1272, 'route 22', 19),
(1273, 'route 22', 20),
(1274, 'route 23', 19),
(1275, 'route 23', 20),
(1276, 'Arabelle', 19),
(1277, 'Arabelle', 20),
(1278, 'Amaillide', 19),
(1279, 'Amaillide', 20),
(1280, 'Arpentières', 19),
(1281, 'Arpentières', 20),
(1282, 'Entrelasque', 19),
(1283, 'Entrelasque', 20),
(1284, 'Flocombe', 19),
(1285, 'Flocombe', 20),
(1286, 'Forêt Blanche', 20),
(1287, 'Janusia', 19),
(1288, 'Janusia', 20),
(1289, 'Maillard', 19),
(1290, 'Maillard', 20),
(1291, 'Méanville', 19),
(1292, 'Méanville', 20),
(1293, 'Ogoesse', 19),
(1294, 'Ogoesse', 20),
(1295, 'Ondes-sur-Mer', 19),
(1296, 'Ondes-sur-Mer', 20),
(1297, 'Parsemille', 19),
(1298, 'Parsemille', 20),
(1299, 'Papeloa', 19),
(1300, 'Papeloa', 20),
(1301, 'Pavonnay', 19),
(1302, 'Pavonnay', 20),
(1303, 'Port Yoneuve', 19),
(1304, 'Port Yoneuve', 20),
(1305, 'Renouet', 19),
(1306, 'Renouet', 20),
(1307, 'Rotombourg', 19),
(1308, 'Rotombourg', 20),
(1309, 'Vaguelone', 19),
(1310, 'Vaguelone', 20),
(1311, 'Ville Noire', 19),
(1312, 'Volucité', 20),
(1313, 'Volucité', 19),
(1314, 'Aquatube', 20),
(1315, 'Aquatube', 19),
(1316, 'Autel Abondance', 19),
(1317, 'Autel Abondance', 20),
(1318, 'Antre d\'Entrainement', 19),
(1319, 'Antre d\'Entrainement', 20),
(1320, 'Baie Vaguelone', 19),
(1321, 'Baie Vaguelone', 20),
(1322, 'Bois des Illusions', 19),
(1323, 'Bois des Illusions', 20),
(1324, 'Caverne des Esprits', 19),
(1325, 'Caverne des Esprits', 20),
(1326, 'Centre Commercial', 19),
(1327, 'Centre Commercial', 20),
(1328, 'Château Enfoui', 19),
(1329, 'Château Enfoui', 20),
(1330, 'Chemin Enfoui', 19),
(1331, 'Chemin Enfoui', 20),
(1332, 'Désert Délassant', 19),
(1333, 'Désert Délassant', 20),
(1334, 'Egoûts de Volucité', 19),
(1335, 'Egoûts de Volucité', 20),
(1336, 'Etoile d\'Unys', 19),
(1337, 'Etoile d\'Unys', 20),
(1338, 'Frégate Plasma', 19),
(1339, 'Frégate Plasma', 20),
(1340, 'Galerie Concorde', 19),
(1341, 'Galerie Concorde', 20),
(1342, 'Forêt d\'Empoigne', 19),
(1343, 'Forêt d\'Empoigne', 20),
(1344, 'Grotte Cyclopéenne', 19),
(1345, 'Grotte Cyclopéenne', 20),
(1346, 'Grotte Littorale', 19),
(1347, 'Grotte Littorale', 20),
(1348, 'Grotte Électrolithe', 19),
(1349, 'Grotte Électrolithe', 20),
(1350, 'Grotte Parsemille', 19),
(1351, 'Grotte Parsemille', 20),
(1352, 'Hangar Frigorifique', 19),
(1353, 'Hangar Frigorifique', 20),
(1354, 'Île Liberté', 19),
(1355, 'Île Liberté', 20),
(1356, 'Manoir de l\'Étrange', 19),
(1357, 'Manoir de l\'Étrange', 20),
(1358, 'Labo P2', 19),
(1359, 'Labo P2', 20),
(1360, 'Ligue Pokémon', 19),
(1361, 'Ligue Pokémon', 20),
(1362, 'Engrenage du Métro', 19),
(1363, 'Engrenage du Métro', 20),
(1364, 'Mont Foré', 19),
(1365, 'Mont Foré', 20),
(1366, 'Mont Renenvers', 19),
(1367, 'Mont Renenvers', 20),
(1368, 'Métro de Combat', 19),
(1369, 'Métro de Combat', 20),
(1370, 'Palais de N', 19),
(1371, 'Palais de N', 20),
(1372, 'Poké Fret', 19),
(1373, 'Poké Fret', 20),
(1374, 'Pokemon Musical', 19),
(1375, 'Pokemon Musical', 20),
(1376, 'Pokemon World Tournament', 19),
(1377, 'Pokemon World Tournament', 20),
(1378, 'Pokewood', 19),
(1379, 'Pokewood', 20),
(1380, 'Pont de l\'Inconnu', 19),
(1381, 'Pont de l\'Inconnu', 20),
(1382, 'Pont Ferroviaire', 19),
(1383, 'Pont Ferroviaire', 20),
(1384, 'Pont du Hameau', 19),
(1385, 'Pont du Hameau', 20),
(1386, 'Pont Sagiciel', 19),
(1387, 'Pont Sagiciel', 20),
(1388, 'Pont Yoneuve', 19),
(1389, 'Pont Yoneuve', 20),
(1390, 'Ranch d\'Amaillide', 19),
(1391, 'Ranch d\'Amaillide', 20),
(1392, 'Réserve Naturelle', 19),
(1393, 'Réserve Naturelle', 20),
(1394, 'Route Victoire', 19),
(1395, 'Route Victoire', 20),
(1396, 'Rotombourg', 19),
(1397, 'Rotombourg', 20),
(1398, 'Route bardane', 19),
(1399, 'Route Bardane', 20),
(1400, 'Ruines des Abysses', 19),
(1401, 'Ruines des Abysses', 20),
(1402, 'Ruines Enfouies', 19),
(1403, 'Ruines Enfouies', 20),
(1404, 'Terrains de Sports', 19),
(1405, 'Terrains de Sports', 20),
(1406, 'Tour des Cieux', 19),
(1407, 'Tour des Cieux', 20),
(1408, 'Tour Dragospire', 19),
(1409, 'Tour Dragospire', 20),
(1410, 'Tour Union', 19),
(1411, 'Tour Union', 20),
(1412, 'Tourbière Flocombe', 19),
(1413, 'Tourbière Flocombe', 20),
(1414, 'Veine Souterraine', 19),
(1415, 'Veine Souterraine', 20),
(1416, 'Vestiges du Rêve', 19),
(1417, 'Vestiges du Rêve', 20),
(1418, 'Z.I. d\'Ondes-sur-Mer', 19),
(1419, 'Z.I. d\'Ondes-sur-Mer', 20),
(1420, 'route 1', 21),
(1421, 'route 1', 22),
(1422, 'route 2', 21),
(1423, 'route 2', 22),
(1424, 'route 3', 21),
(1425, 'route 3', 22),
(1426, 'route 4', 21),
(1427, 'route 4', 22),
(1428, 'route 5', 21),
(1429, 'route 5', 22),
(1430, 'route 6', 21),
(1431, 'route 6', 22),
(1432, 'route 7', 21),
(1433, 'route 7', 22),
(1434, 'route 8', 21),
(1435, 'route 8', 22),
(1436, 'route 9', 21),
(1437, 'route 9', 22),
(1438, 'route 11', 21),
(1439, 'route 11', 22),
(1440, 'route 12', 21),
(1441, 'route 12', 22),
(1442, 'route 13', 21),
(1443, 'route 13', 22),
(1444, 'route 14', 21),
(1445, 'route 14', 22),
(1446, 'route 15', 21),
(1447, 'route 15', 22),
(1448, 'route 16', 21),
(1449, 'route 16', 22),
(1450, 'Chenal 17', 21),
(1451, 'Chenal 17', 22),
(1452, 'route 18', 21),
(1453, 'route 18', 22),
(1454, 'route 19', 21),
(1455, 'route 19', 22),
(1456, 'route 20', 21),
(1457, 'route 20', 22),
(1458, 'route 21', 21),
(1459, 'route 21', 22),
(1460, 'route 22', 21),
(1461, 'route 22', 22),
(1462, 'Auffrac-les-Congères', 21),
(1463, 'Auffrac-les-Congères', 22),
(1464, 'Batisques', 21),
(1465, 'Batisques', 22),
(1466, 'Bourg Croquis', 21),
(1467, 'Bourg Croquis', 22),
(1468, 'Cromlac\'h', 21),
(1469, 'Cromlac\'h', 22),
(1470, 'Flusselles', 21),
(1471, 'Flusselles', 22),
(1472, 'Fort-Vanitas', 21),
(1473, 'Fort-Vanitas', 22),
(1474, 'Illumis', 21),
(1475, 'Illumis', 22),
(1476, 'La Frescale', 21),
(1477, 'La Frescale', 22),
(1478, 'Ligue Pokémon', 21),
(1479, 'Ligue Pokémon', 22),
(1480, 'Mozheim', 21),
(1481, 'Mozheim', 22),
(1482, 'Neuvartault', 21),
(1483, 'Neuvartault', 22),
(1484, 'Port Tempères', 21),
(1485, 'Port Tempères', 22),
(1486, 'Quarellis', 21),
(1487, 'Quarellis', 22),
(1488, 'Relifac-le-Haut', 21),
(1489, 'Relifac-le-Haut', 22),
(1490, 'Roche-sur-Gliffe', 21),
(1491, 'Roche-sur-Gliffe', 22),
(1492, 'Romant-sous-Bois', 21),
(1493, 'Romant-sous-Bois', 22),
(1494, 'Yantreizh', 21),
(1495, 'Yantreizh', 22),
(1496, 'Antre Néréen', 21),
(1497, 'Antre Néréen', 22),
(1498, 'Baie Azur', 21),
(1499, 'Baie Azur', 22),
(1500, 'Cave Connecterre', 21),
(1501, 'Cave Connecterre', 22),
(1502, 'Caverne Gelée', 21),
(1503, 'Caverne Gelée', 22),
(1504, 'Centrale de Kalos', 21),
(1505, 'Centrale de Kalos', 22),
(1506, 'Chambre du Néant', 21),
(1507, 'Chambre du Néant', 22),
(1508, 'Forêt de Neuvartault', 21),
(1509, 'Forêt de Neuvartault', 22),
(1510, 'Grotte Coda', 21),
(1511, 'Grotte Coda', 22),
(1512, 'Grotte Étincelante', 21),
(1513, 'Grotte Étincelante', 22),
(1514, 'Grotte Inconnue', 21),
(1515, 'Grotte Inconnue', 22),
(1516, 'Grotte Miroitante', 21),
(1517, 'Grotte Miroitante', 22),
(1518, 'Hotêl Désolation', 21),
(1519, 'Hotêl Désolation', 22),
(1520, 'Labos Lysandre', 21),
(1521, 'Labos Lysandre', 22),
(1522, 'Palais Chaydeuvre', 21),
(1523, 'Palais Chaydeuvre', 22),
(1524, 'Repaire Team Flare', 21),
(1525, 'Repaire Team Flare', 22),
(1526, 'Route Victoire', 21),
(1527, 'Route Victoire', 22),
(1528, 'Usine de Poké Balls', 21),
(1529, 'Usine de Poké Balls', 22),
(1530, 'Village Pokémon', 21),
(1531, 'Village Pokémon', 22),
(1532, 'route 101', 23),
(1533, 'route 101', 24),
(1534, 'route 102', 23),
(1535, 'route 102', 24),
(1536, 'route 103', 23),
(1537, 'route 103', 24),
(1538, 'route 104', 23),
(1539, 'route 104', 24),
(1540, 'Chenal 105', 23),
(1541, 'Chenal 105', 24),
(1542, 'Chenal 106', 23),
(1543, 'Chenal 106', 24),
(1544, 'Chenal 107', 23),
(1545, 'Chenal 107', 24),
(1546, 'Chenal 108', 23),
(1547, 'Chenal 108', 24),
(1548, 'Chenal 109', 23),
(1549, 'Chenal 109', 24),
(1550, 'route 10', 21),
(1551, 'route 10', 22),
(1552, 'route 110', 23),
(1553, 'route 110', 24),
(1554, 'route 111', 23),
(1555, 'route 111', 24),
(1556, 'route 112', 23),
(1557, 'route 112', 24),
(1558, 'route 113', 23),
(1559, 'route 113', 24),
(1560, 'route 114', 23),
(1561, 'route 114', 24),
(1562, 'route 115', 23),
(1563, 'route 115', 24),
(1564, 'route 116', 23),
(1565, 'route 116', 24),
(1566, 'route 117', 23),
(1567, 'route 117', 24),
(1568, 'route 118', 23),
(1569, 'route 118', 24),
(1570, 'route 119', 23),
(1571, 'route 119', 24),
(1572, 'route 120', 23),
(1573, 'route 120', 24),
(1574, 'route 121', 23),
(1575, 'route 121', 24),
(1576, 'Chenal 122', 23),
(1577, 'Chenal 122', 24),
(1578, 'route 123', 23),
(1579, 'route 123', 24),
(1580, 'Chenal 124', 23),
(1581, 'Chenal 124', 24),
(1582, 'Chenal 125', 23),
(1583, 'Chenal 125', 24),
(1584, 'Chenal 126', 23),
(1585, 'Chenal 126', 24),
(1586, 'Chenal 127', 23),
(1587, 'Chenal 127', 24),
(1588, 'Chenal 128', 23),
(1589, 'Chenal 128', 24),
(1590, 'Chenal 129', 23),
(1591, 'Chenal 129', 24),
(1592, 'Chenal 130', 23),
(1593, 'Chenal 130', 24),
(1594, 'Chenal 131', 23),
(1595, 'Chenal 131', 24),
(1596, 'Chenal 132', 23),
(1597, 'Chenal 132', 24),
(1598, 'Chenal 133', 23),
(1599, 'Chenal 133', 24),
(1600, 'Chenal 134', 23),
(1601, 'Chenal 134', 24),
(1602, 'Ilot Secret', 23),
(1603, 'Ilot Secret', 24),
(1604, 'Plage secrète', 23),
(1605, 'Plage secrète', 24),
(1606, 'Champ Fleuri Secret', 23),
(1607, 'Champ Fleuri Secret', 24),
(1608, 'Algatia', 23),
(1609, 'Algatia', 24),
(1610, 'Atalanopolis', 23),
(1611, 'Atalanopolis', 24),
(1612, 'Autéquia', 23),
(1613, 'Autéquia', 24),
(1614, 'Bourg-En-Vol', 23),
(1615, 'Bourg-En-Vol', 24),
(1616, 'Cimetronelle', 23),
(1617, 'Cimetronelle', 24),
(1618, 'Clémenti-Ville', 23),
(1619, 'Clémenti-Ville', 24),
(1620, 'Éternara', 23),
(1621, 'Éternara', 24),
(1622, 'Lavandia', 23),
(1623, 'Lavandia', 24),
(1624, 'Mérouville', 23),
(1625, 'Mérouville', 24),
(1626, 'Nénucrique', 23),
(1627, 'Nénucrique', 24),
(1628, 'Pacifiville', 23),
(1629, 'Pacifiville', 24),
(1630, 'Poivressel', 23),
(1631, 'Poivressel', 24),
(1632, 'Rosyères', 23),
(1633, 'Rosyères', 24),
(1634, 'Vergazon', 23),
(1635, 'Vergazon', 24),
(1636, 'Vermilava', 23),
(1637, 'Vermilava', 24),
(1638, 'Village Myokara', 23),
(1639, 'Village Myokara', 24),
(1640, 'Atoll de Combat', 23),
(1641, 'Atoll de Combat', 24),
(1642, 'Bois Clémenti', 23),
(1643, 'Bois Clémenti', 24),
(1644, 'Caverne Fondmer', 23),
(1645, 'Caverne Fondmer', 24),
(1646, 'Chemin Ardent', 23),
(1647, 'Chemin Ardent', 24),
(1648, 'Centre Météo', 23),
(1649, 'Centre Météo', 24),
(1650, 'Désert Central', 23),
(1651, 'Désert Central', 24),
(1652, 'Grotte de l\'Îlot', 23),
(1653, 'Grotte de l\'Îlot', 24),
(1654, 'Grotte Granite', 23),
(1655, 'Grotte Granite', 24),
(1656, 'Grotte Origine', 23),
(1657, 'Grotte Origine', 24),
(1658, 'Grotte Tréfonds', 23),
(1659, 'Grotte Tréfonds', 24),
(1660, 'Grotte Zénith', 23),
(1661, 'Grotte Zénith', 24),
(1662, 'Île du Sud', 23),
(1663, 'Île du Sud', 24),
(1664, 'Lavandia Sea', 23),
(1665, 'Lavandia Sea', 24),
(1666, 'Le Marina', 23),
(1667, 'Le Marina', 24),
(1668, 'Ligue Pokémon', 23),
(1669, 'Ligue Pokémon', 24),
(1670, 'Mont Chimnée', 23),
(1671, 'Mont Chimnée', 24),
(1672, 'Mont Mémoria', 23),
(1673, 'Mont Mémoria', 24),
(1674, 'New Lavandia', 23),
(1675, 'New Lavandia', 24),
(1676, 'Parc Safari', 23),
(1677, 'Parc Safari', 24),
(1678, 'Pilier Céleste', 23),
(1679, 'Pilier Céleste', 24),
(1680, 'Planque Aqua', 23),
(1681, 'Planque Aqua', 24),
(1682, 'Planque Magma', 23),
(1683, 'Planque Magma', 24),
(1684, 'Route Victoire', 23),
(1685, 'Route Victoire', 24),
(1686, 'Ruines Désert', 23),
(1687, 'Ruines Désert', 24),
(1688, 'Sanctuaire', 23),
(1689, 'Sanctuaire', 24),
(1690, 'Sentier Sinuroc', 23),
(1691, 'Sentier Sinuroc', 24),
(1692, 'Site Météore', 23),
(1693, 'Site Météore', 24),
(1694, 'Tombeau Antique', 23),
(1695, 'Tombeau Antique', 24),
(1696, 'Tunnel Mérazon', 23),
(1697, 'Tunnel Mérazon', 24),
(1698, 'Forêt Mirage', 23),
(1699, 'Forêt Mirage', 24),
(1700, 'Grotte Mirage', 23),
(1701, 'Grotte Mirage', 24),
(1702, 'Île Mirage', 23),
(1703, 'Île Mirage', 24),
(1704, 'Mont Mirage', 23),
(1705, 'Mont Mirage', 24),
(1706, 'Île de l\'Arc', 23),
(1707, 'Île de l\'Arc', 24),
(1708, 'Forêt Impénétrable', 23),
(1709, 'Forêt Impénétrable', 24),
(1710, 'Plaine Sans Nom', 23),
(1711, 'Plaine Sans Nom', 24),
(1712, 'Grotte Oubliée', 23),
(1713, 'Grotte Oubliée', 24),
(1714, 'Grotte Évanescente', 23),
(1715, 'Grotte Évanescente', 24),
(1716, 'Gouffre Informe', 23),
(1717, 'Gouffre Informe', 24),
(1718, 'Gros nuages noirs', 23),
(1719, 'Gros nuages noirs', 24),
(1720, 'Faille Dimensionnelle', 23),
(1721, 'Faille Dimensionnelle', 24),
(1722, 'Lili\'i', 25),
(1723, 'Lili\'i', 26),
(1724, 'Lili\'i', 27),
(1725, 'Lili\'i', 28),
(1726, 'Ekaeka', 25),
(1727, 'Ekaeka', 26),
(1728, 'Ekaeka', 27),
(1729, 'Ekaeka', 28),
(1730, 'Ho\'ohale', 25),
(1731, 'Ho\'ohale', 26),
(1732, 'Ho\'ohale', 27),
(1733, 'Ho\'ohale', 28),
(1734, 'Ohana', 25),
(1735, 'Ohana', 26),
(1736, 'Ohana', 27),
(1737, 'Ohana', 28),
(1738, 'Konikoni', 25),
(1739, 'Konikoni', 26),
(1740, 'Konikoni', 27),
(1741, 'Konikoni', 28),
(1742, 'Malié', 25),
(1743, 'Malié', 26),
(1744, 'Malié', 27),
(1745, 'Malié', 28),
(1746, 'Village Toko', 25),
(1747, 'Village Toko', 26),
(1748, 'Village Toko', 27),
(1749, 'Village Toko', 28),
(1750, 'Kokohio', 25),
(1751, 'Kokohio', 26),
(1752, 'Kokohio', 27),
(1753, 'Kokohio', 28),
(1754, 'Village Flottant', 25),
(1755, 'Village Flottant', 26),
(1756, 'Village Flottant', 27),
(1757, 'Village Flottant', 28),
(1758, 'Route 1', 25),
(1759, 'Route 1', 26),
(1760, 'Route 1', 27),
(1761, 'Route 1', 28),
(1762, 'Route 2', 25),
(1763, 'Route 2', 26),
(1764, 'Route 2', 27),
(1765, 'Route 2', 28),
(1766, 'Route 3', 25),
(1767, 'Route 3', 26),
(1768, 'Route 3', 27),
(1769, 'Route 3', 28),
(1770, 'Route 4', 25),
(1771, 'Route 4', 26),
(1772, 'Route 4', 27),
(1773, 'Route 4', 28),
(1774, 'Route 5', 25),
(1775, 'Route 5', 26),
(1776, 'Route 5', 27),
(1777, 'Route 5', 28),
(1778, 'Route 6', 25),
(1779, 'Route 6', 26),
(1780, 'Route 6', 27),
(1781, 'Route 6', 28),
(1782, 'Route 7', 25),
(1783, 'Route 7', 26),
(1784, 'Route 7', 27),
(1785, 'Route 7', 28),
(1786, 'Route 8', 25),
(1787, 'Route 8', 26),
(1788, 'Route 8', 27),
(1789, 'Route 8', 28),
(1790, 'Route 9', 25),
(1791, 'Route 9', 26),
(1792, 'Route 9', 27),
(1793, 'Route 9', 28),
(1794, 'Route 10', 25),
(1795, 'Route 10', 26),
(1796, 'Route 10', 27),
(1797, 'Route 10', 28),
(1798, 'Route 11', 25),
(1799, 'Route 11', 26),
(1800, 'Route 11', 27),
(1801, 'Route 11', 28),
(1802, 'Route 12', 25),
(1803, 'Route 12', 26),
(1804, 'Route 12', 27),
(1805, 'Route 12', 28),
(1806, 'Route 13', 25),
(1807, 'Route 13', 26),
(1808, 'Route 13', 27),
(1809, 'Route 13', 28),
(1810, 'Route 14', 25),
(1811, 'Route 14', 26),
(1812, 'Route 14', 27),
(1813, 'Route 14', 28),
(1814, 'Route 15', 25),
(1815, 'Route 15', 26),
(1816, 'Route 15', 27),
(1817, 'Route 15', 28),
(1818, 'Route 16', 25),
(1819, 'Route 16', 26),
(1820, 'Route 16', 27),
(1821, 'Route 16', 28),
(1822, 'Route 17', 25),
(1823, 'Route 17', 26),
(1824, 'Route 17', 27),
(1825, 'Route 17', 28),
(1826, 'Vieille Route', 25),
(1827, 'Vieille Route', 26),
(1828, 'Vieille Route', 27),
(1829, 'Vieille Route', 28),
(1830, 'Chemin du Défi', 25),
(1831, 'Chemin du Défi', 26),
(1832, 'Chemin du Défi', 27),
(1833, 'Chemin du Défi', 28),
(1834, 'Abords d\'Ekaeka', 25),
(1835, 'Abords d\'Ekaeka', 26),
(1836, 'Abords d\'Ekaeka', 27),
(1837, 'Abords d\'Ekaeka', 28),
(1838, 'Baie de Kala\'e', 25),
(1839, 'Baie de Kala\'e', 26),
(1840, 'Baie de Kala\'e', 27),
(1841, 'Baie de Kala\'e', 28),
(1842, 'Champ de Baies', 25),
(1843, 'Champ de Baies', 26),
(1844, 'Champ de Baies', 27),
(1845, 'Champ de Baies', 28),
(1846, 'Cimetière d\'Ekaeka', 25),
(1847, 'Cimetière d\'Ekaeka', 26),
(1848, 'Cimetière d\'Ekaeka', 27),
(1849, 'Cimetière d\'Ekaeka', 28),
(1850, 'Colline Dicarat', 25),
(1851, 'Colline Dicarat', 26),
(1852, 'Colline Dicarat', 27),
(1853, 'Colline Dicarat', 28),
(1854, 'École des Dresseurs', 25),
(1855, 'École des Dresseurs', 26),
(1856, 'École des Dresseurs', 27),
(1857, 'École des Dresseurs', 28),
(1858, 'Grotte Verdoyante', 25),
(1859, 'Grotte Verdoyante', 26),
(1860, 'Grotte Verdoyante', 27),
(1861, 'Grotte Verdoyante', 28),
(1862, 'Grotte Verlamer', 25),
(1863, 'Grotte Verlamer', 26),
(1864, 'Grotte Verlamer', 27),
(1865, 'Grotte Verlamer', 28),
(1866, 'Jardin de Mele-Mele', 25),
(1867, 'Jardin de Mele-Mele', 26),
(1868, 'Jardin de Mele-Mele', 27),
(1869, 'Jardin de Mele-Mele', 28),
(1870, 'Mer de Mele-Mele', 25),
(1871, 'Mer de Mele-Mele', 26),
(1872, 'Mer de Mele-Mele', 27),
(1873, 'Mer de Mele-Mele', 28),
(1874, 'Ruines du Conflit', 25),
(1875, 'Ruines du Conflit', 26),
(1876, 'Ruines du Conflit', 27),
(1877, 'Ruines du Conflit', 28),
(1878, 'Sentier de Mahalo', 25),
(1879, 'Sentier de Mahalo', 26),
(1880, 'Sentier de Mahalo', 27),
(1881, 'Sentier de Mahalo', 28),
(1882, 'Club Hano-Hano', 25),
(1883, 'Club Hano-Hano', 26),
(1884, 'Club Hano-Hano', 27),
(1885, 'Club Hano-Hano', 28),
(1886, 'Colline Clapotis', 25),
(1887, 'Colline Clapotis', 26),
(1888, 'Colline Clapotis', 27),
(1889, 'Colline Clapotis', 28),
(1890, 'Colline Memento', 25),
(1891, 'Colline Memento', 26),
(1892, 'Colline Memento', 27),
(1893, 'Colline Memento', 28),
(1894, 'Côte Reculée d\'Akala', 25),
(1895, 'Côte Reculée d\'Akala', 26),
(1896, 'Côte Reculée d\'Akala', 27),
(1897, 'Côte Reculée d\'Akala', 28),
(1898, 'Jungle Sombrefeuille', 25),
(1899, 'Jungle Sombrefeuille', 26),
(1900, 'Jungle Sombrefeuille', 27),
(1901, 'Jungle Sombrefeuille', 28),
(1902, 'Laboratoire d\'Étude des Fossiles', 25),
(1903, 'Laboratoire d\'Étude des Fossiles', 26),
(1904, 'Laboratoire d\'Étude des Fossiles', 27),
(1905, 'Laboratoire d\'Étude des Fossiles', 28),
(1906, 'Parc Volcanique', 25),
(1907, 'Parc Volcanique', 26),
(1908, 'Parc Volcanique', 27),
(1909, 'Parc Volcanique', 28),
(1910, 'Plage Hano-Hano', 25),
(1911, 'Plage Hano-Hano', 26),
(1912, 'Plage Hano-Hano', 27),
(1913, 'Plage Hano-Hano', 28),
(1914, 'Ranch Ohana', 25),
(1915, 'Ranch Ohana', 26),
(1916, 'Ranch Ohana', 27),
(1917, 'Ranch Ohana', 28),
(1918, 'Rue du Dôme Royal', 25),
(1919, 'Rue du Dôme Royal', 26),
(1920, 'Rue du Dôme Royal', 27),
(1921, 'Rue du Dôme Royal', 28),
(1922, 'Ruines de l\'Éveil', 25),
(1923, 'Ruines de l\'Éveil', 26),
(1924, 'Ruines de l\'Éveil', 27),
(1925, 'Ruines de l\'Éveil', 28),
(1926, 'Tunnel Taupiqueur', 25),
(1927, 'Tunnel Taupiqueur', 26),
(1928, 'Tunnel Taupiqueur', 27),
(1929, 'Tunnel Taupiqueur', 28),
(1930, 'Cap Passiloin', 25),
(1931, 'Cap Passiloin', 26),
(1932, 'Cap Passiloin', 27),
(1933, 'Cap Passiloin', 28),
(1934, 'Côte Sauvage', 25),
(1935, 'Côte Sauvage', 26),
(1936, 'Côte Sauvage', 27),
(1937, 'Côte Sauvage', 28),
(1938, 'Désert Haina', 25),
(1939, 'Désert Haina', 26),
(1940, 'Désert Haina', 27),
(1941, 'Désert Haina', 28),
(1942, 'Jardin Ula-Ula', 25),
(1943, 'Jardin Ula-Ula', 26),
(1944, 'Jardin Ula-Ula', 27),
(1945, 'Jardin Ula-Ula', 28),
(1946, 'Lac du Halo Lunaire', 25),
(1947, 'Lac du Halo Lunaire', 26),
(1948, 'Lac du Halo Lunaire', 27),
(1949, 'Lac du Halo Lunaire', 28),
(1950, 'Lac du Halo Solaire', 25),
(1951, 'Lac du Halo Solaire', 26),
(1952, 'Lac du Halo Solaire', 27),
(1953, 'Lac du Halo Solaire', 28),
(1954, 'Ligue Pokémon', 25),
(1955, 'Ligue Pokémon', 26),
(1956, 'Ligue Pokémon', 27),
(1957, 'Ligue Pokémon', 28),
(1958, 'Manoir Chelou', 25),
(1959, 'Manoir Chelou', 26),
(1960, 'Manoir Chelou', 27),
(1961, 'Manoir Chelou', 28),
(1962, 'Mont Ardent', 25),
(1963, 'Mont Ardent', 26),
(1964, 'Mont Ardent', 27),
(1965, 'Mont Ardent', 28),
(1966, 'Mont Hokulani', 25),
(1967, 'Mont Hokulani', 26),
(1968, 'Mont Hokulani', 27),
(1969, 'Mont Hokulani', 28),
(1970, 'Mont Lanakila', 25),
(1971, 'Mont Lanakila', 26),
(1972, 'Mont Lanakila', 27),
(1973, 'Mont Lanakila', 28),
(1974, 'Parc de Malié', 25),
(1975, 'Parc de Malié', 26),
(1976, 'Parc de Malié', 27),
(1977, 'Parc de Malié', 28),
(1978, 'Ruines de l\'Essor', 25),
(1979, 'Ruines de l\'Essor', 26),
(1980, 'Ruines de l\'Essor', 27),
(1981, 'Ruines de l\'Essor', 28),
(1982, 'Arbre de Combat', 25),
(1983, 'Arbre de Combat', 26),
(1984, 'Arbre de Combat', 27),
(1985, 'Arbre de Combat', 28),
(1986, 'Autel de la Lune', 25),
(1987, 'Autel de la Lune', 26),
(1988, 'Autel de la Lune', 27),
(1989, 'Autel de la Lune', 28),
(1990, 'Autel du Soleil', 25),
(1991, 'Autel du Soleil', 26),
(1992, 'Autel du Soleil', 27),
(1993, 'Autel du Soleil', 28),
(1994, 'Caverne Coda', 25),
(1995, 'Caverne Coda', 26),
(1996, 'Caverne Coda', 27),
(1997, 'Caverne Coda', 28),
(1998, 'Chemin du Défi', 25),
(1999, 'Chemin du Défi', 26),
(2000, 'Chemin du Défi', 27),
(2001, 'Chemin du Défi', 28),
(2002, 'Côte de Poni', 25),
(2003, 'Côte de Poni', 26),
(2004, 'Côte de Poni', 27),
(2005, 'Côte de Poni', 28),
(2006, 'Forêt de Poni', 25),
(2007, 'Forêt de Poni', 26),
(2008, 'Forêt de Poni', 27),
(2009, 'Forêt de Poni', 28),
(2010, 'Grand Canyon de Poni', 25),
(2011, 'Grand Canyon de Poni', 26),
(2012, 'Grand Canyon de Poni', 27),
(2013, 'Grand Canyon de Poni', 28),
(2014, 'Île Noadkoko', 25),
(2015, 'Île Noadkoko', 26),
(2016, 'Île Noadkoko', 27),
(2017, 'Île Noadkoko', 28),
(2018, 'Jardin de Poni', 25),
(2019, 'Jardin de Poni', 26),
(2020, 'Jardin de Poni', 27),
(2021, 'Jardin de Poni', 28),
(2022, 'Plaine de Poni', 25),
(2023, 'Plaine de Poni', 26),
(2024, 'Plaine de Poni', 27),
(2025, 'Plaine de Poni', 28),
(2026, 'Prairie de Poni', 25),
(2027, 'Prairie de Poni', 26),
(2028, 'Prairie de Poni', 27),
(2029, 'Prairie de Poni', 28),
(2030, 'Récif de Poni', 25),
(2031, 'Récif de Poni', 26),
(2032, 'Récif de Poni', 27),
(2033, 'Récif de Poni', 28),
(2034, 'Ruines de l\'Au-Delà', 25),
(2035, 'Ruines de l\'Au-Delà', 26),
(2036, 'Ruines de l\'Au-Delà', 27),
(2037, 'Ruines de l\'Au-Delà', 28),
(2038, 'Ultra-Dimension', 25),
(2039, 'Ultra-Dimension', 26),
(2040, 'Paradis Æther', 25),
(2041, 'Paradis Æther', 26);
INSERT INTO `roads` (`id`, `roadName`, `idVersion`) VALUES
(2042, 'Paradis Æther', 27),
(2043, 'Paradis Æther', 28),
(2044, 'Plage Big Wave', 27),
(2045, 'Plage Big Wave', 28),
(2046, 'Plage d\'Ho\'ohale', 27),
(2047, 'Plage d\'Ho\'ohale', 28),
(2048, 'Plaine des Pikachu', 27),
(2049, 'Plaine des Pikachu', 28),
(2050, 'Tunnel Perce-Mont', 27),
(2051, 'Tunnel Perce-Mont', 28),
(2052, 'Plage d\'Ula-Ula', 27),
(2053, 'Plage d\'Ula-Ula', 28),
(2054, 'Plage de Poni', 27),
(2055, 'Plage de Poni', 28),
(2056, 'Grotte de la Plage', 27),
(2057, 'Grotte de la Plage', 28),
(2058, 'Château Rocket', 27),
(2059, 'Château Rocket', 28),
(2060, 'Ultra-Mégalopole', 27),
(2061, 'Ultra-Mégalopole', 28),
(2062, 'Ultra-brèches blanches', 27),
(2063, 'Ultra-brèches blanches', 28),
(2064, 'Ultra-brèches rouges', 27),
(2065, 'Ultra-brèches rouges', 28),
(2066, 'Ultra-brèches vertes', 27),
(2067, 'Ultra-brèches vertes', 28),
(2068, 'Ultra-brèches bleues', 27),
(2069, 'Ultra-brèches bleues', 28),
(2070, 'Ultra-brèches jaunes', 27),
(2071, 'Ultra-brèches jaunes', 28);

-- --------------------------------------------------------

--
-- Table structure for table `safaryFriend`
--

CREATE TABLE `safaryFriend` (
  `id` int(11) NOT NULL,
  `type` varchar(40) NOT NULL,
  `firstPokemon` varchar(40) NOT NULL,
  `secondPokemon` varchar(40) NOT NULL,
  `thirdPokemon` varchar(40) DEFAULT NULL,
  `idUser` int(11) NOT NULL
) ENGINE=InnoDB DEFAULT CHARSET=utf8;

--
-- Dumping data for table `safaryFriend`
--

INSERT INTO `safaryFriend` (`id`, `type`, `firstPokemon`, `secondPokemon`, `thirdPokemon`, `idUser`) VALUES
(21, 'Plante', 'Tournegrin', 'Couverdure', 'Chevroum', 62);

-- --------------------------------------------------------

--
-- Table structure for table `types`
--

CREATE TABLE `types` (
  `id` int(11) NOT NULL,
  `type` varchar(40) NOT NULL
) ENGINE=InnoDB DEFAULT CHARSET=utf8;

--
-- Dumping data for table `types`
--

INSERT INTO `types` (`id`, `type`) VALUES
(1, 'Acier'),
(2, 'Combat'),
(3, 'Dragon'),
(4, 'Eau'),
(5, 'Electrik'),
(6, 'Fée'),
(7, 'Feu'),
(8, 'Glace'),
(9, 'Insecte'),
(10, 'Normal'),
(11, 'Plante'),
(12, 'Poison'),
(13, 'Psy'),
(14, 'Roche'),
(15, 'Sol'),
(16, 'Spectre'),
(17, 'Ténèbres'),
(18, 'Vol');

-- --------------------------------------------------------

--
-- Table structure for table `users`
--

CREATE TABLE `users` (
  `id` int(11) NOT NULL,
  `pseudo` varchar(18) NOT NULL,
  `email` varchar(255) NOT NULL,
  `password` char(255) NOT NULL,
  `profilePicture` text,
  `friendCode` varchar(30) DEFAULT NULL,
  `bioUsers` text
) ENGINE=InnoDB DEFAULT CHARSET=utf8;

--
-- Dumping data for table `users`
--

INSERT INTO `users` (`id`, `pseudo`, `email`, `password`, `profilePicture`, `friendCode`, `bioUsers`) VALUES
(62, 'Stryxlis', 'pierreschuvey@gmail.com', '$2y$10$SXmFcVPOtVH5MkJwCpz17e08OyCLeM7WoHjZhgZ4Vo4l6W9vadUWa', '249s.png', '6459-5702-5481-5742', 'Je suis la bio de Stryxlis j\'ai écris ce truc pour tester la modification ééééé'),
(81, 'Wizzaren', 'pierreschuvey@gmail.com', '$2y$10$hL1wjh/1VZjDHoRcKX7UJ.PN.74n/7Yt/dVPqSdCaea3oKbXR0OKS', '249.png', '6969-6969-6969-6969', NULL),
(82, 'LePapa', 'VSchuvey@gmail.com', '$2y$10$orCz1aRgjzDJFqLIpQC6v.XWFC4CK1EQwn29yaurwlsXl.RI0NJle', 'vache.png', '1234-1234-1234-1234', NULL),
(83, 'NicocoLa', 'test@gmail.com', '$2y$10$M5Hr1FlnLRsUSUkTIg7p4uVp5Glwfs11ymjOWcqEH3QJurwyVpP8y', 'vache.png', '1234-6541-1595-1895', NULL),
(84, 'Thohomas', 'test@gmail.com', '$2y$10$3bSYH/f0.ek2/MAGPhy.5eaL3PXhM1afDU//Be6ngY7Y.penV1RC6', 'vache.png', '5678-1654-5912-8795', NULL),
(85, 'Paupauline', 'test@gmail.com', '$2y$10$lmmFnI9lZWLqN6YvZCbPc.KjkxQHy42yQ7rrX28utSbQVyubSuqYe', 'vache.png', '1987-8291-1819-4911', NULL),
(86, 'Vivictorien', 'test@gmail.com', '$2y$10$W09aHyg4MW4VETCcrlVHtuSVLjuM.LTzhnnaTjr3ttlQRsl0nQfom', 'vache.png', '1234-1652-1568-4895', NULL),
(87, 'Chlochloe', 'test@gmail.com', '$2y$10$OT8BHHC8Em1kKy942dQyle8tQx7O58Mjlsrbnq9mFEWgF/avWceVu', 'vache.png', '1234-1234-1234-1234', NULL),
(88, 'Cleclement', 'test@gmail.com', '$2y$10$3kER8LAX4vxQbBrwe4oMpOIzOSWqZIZEc9E1qdo/aNECZhTV.6izK', 'vache.png', '4567-8945-1235-7946', NULL),
(89, 'PipieRRe2', 'test@gmail.com', '$2y$10$K9KCMzrQlkI23hoIAOd9qOceMUn6dj0EJPcO9BLxCeVNWVD/u5o5S', 'vache.png', '7894-8546-8569-8546', NULL),
(90, 'RoRoMuMu2', 'test@gmail.com', '$2y$10$Zbg6cR33ds.5zejWR.BHLOk4EzLrPewH7PAbBvxf/yfZB8rTZMYiS', 'vache.png', '1379-4625-8529-5679', NULL),
(91, 'Mamax', 'test@gmail.com', '$2y$10$CsY.Jehq0XYwlUHcOAXpyuyW8frr5EHs8i2M/HZYBvDZTmp71ExHm', 'vache.png', '1239-4569-3218-1268', NULL),
(92, 'TataRek', 'test@gmail.com', '$2y$10$JPuppj/NgLyw/YFDBZ02fOTsuQqRlpetjBFPOFA5v1tpTNgr7C/QS', 'vache.png', '1234-1234-1234-1234', NULL),
(93, 'AaMaDoudou', 'test@gmail.com', '$2y$10$05/e0O8i.E4iJmLNHh2LA.EdSd21HM/NfcOGxRZ/MioykhikpTk4.', 'vache.png', '4569-4568-4567-4566', NULL);

-- --------------------------------------------------------

--
-- Table structure for table `versions`
--

CREATE TABLE `versions` (
  `id` int(11) NOT NULL,
  `version` varchar(40) NOT NULL,
  `idGeneration` int(15) NOT NULL
) ENGINE=InnoDB DEFAULT CHARSET=utf8;

--
-- Dumping data for table `versions`
--

INSERT INTO `versions` (`id`, `version`, `idGeneration`) VALUES
(1, 'Rouge', 1),
(2, 'Bleu', 1),
(3, 'Jaune', 1),
(4, 'Or', 2),
(5, 'Argent', 2),
(6, 'Cristal', 2),
(7, 'Rubis', 3),
(8, 'Saphir', 3),
(9, 'Emeraude', 3),
(10, 'Rouge feu', 3),
(11, 'Vert feuille', 3),
(12, 'Diamant', 4),
(13, 'Perle', 4),
(14, 'Platine', 4),
(15, 'Hearth Gold', 4),
(16, 'Soul Silver', 4),
(17, 'Noir', 5),
(18, 'Blanc', 5),
(19, 'Noir 2', 5),
(20, 'Blanc 2', 5),
(21, 'X', 6),
(22, 'Y', 6),
(23, 'Rubis Omega', 6),
(24, 'Saphir Alpha', 6),
(25, 'Soleil', 7),
(26, 'Lune', 7),
(27, 'Ultra Soleil', 7),
(28, 'Ultra Lune', 7);

--
-- Indexes for dumped tables
--

--
-- Indexes for table `encounters`
--
ALTER TABLE `encounters`
  ADD PRIMARY KEY (`id`,`idPokemon`,`idVersion`,`idGeneration`);

--
-- Indexes for table `generations`
--
ALTER TABLE `generations`
  ADD PRIMARY KEY (`id`);

--
-- Indexes for table `huntMethods`
--
ALTER TABLE `huntMethods`
  ADD PRIMARY KEY (`id`);

--
-- Indexes for table `hunts`
--
ALTER TABLE `hunts`
  ADD PRIMARY KEY (`id`);

--
-- Indexes for table `pokemon`
--
ALTER TABLE `pokemon`
  ADD PRIMARY KEY (`id`);

--
-- Indexes for table `positionInSafary`
--
ALTER TABLE `positionInSafary`
  ADD PRIMARY KEY (`id`);

--
-- Indexes for table `roads`
--
ALTER TABLE `roads`
  ADD PRIMARY KEY (`id`);

--
-- Indexes for table `safaryFriend`
--
ALTER TABLE `safaryFriend`
  ADD PRIMARY KEY (`id`);

--
-- Indexes for table `types`
--
ALTER TABLE `types`
  ADD PRIMARY KEY (`id`);

--
-- Indexes for table `users`
--
ALTER TABLE `users`
  ADD PRIMARY KEY (`id`),
  ADD UNIQUE KEY `pseudo` (`pseudo`);

--
-- Indexes for table `versions`
--
ALTER TABLE `versions`
  ADD PRIMARY KEY (`id`);

--
-- AUTO_INCREMENT for dumped tables
--

--
-- AUTO_INCREMENT for table `encounters`
--
ALTER TABLE `encounters`
  MODIFY `id` int(11) NOT NULL AUTO_INCREMENT;
--
-- AUTO_INCREMENT for table `generations`
--
ALTER TABLE `generations`
  MODIFY `id` int(11) NOT NULL AUTO_INCREMENT, AUTO_INCREMENT=8;
--
-- AUTO_INCREMENT for table `huntMethods`
--
ALTER TABLE `huntMethods`
  MODIFY `id` int(11) NOT NULL AUTO_INCREMENT, AUTO_INCREMENT=130;
--
-- AUTO_INCREMENT for table `hunts`
--
ALTER TABLE `hunts`
  MODIFY `id` int(11) NOT NULL AUTO_INCREMENT, AUTO_INCREMENT=311;
--
-- AUTO_INCREMENT for table `pokemon`
--
ALTER TABLE `pokemon`
  MODIFY `id` int(11) NOT NULL AUTO_INCREMENT, AUTO_INCREMENT=807;
--
-- AUTO_INCREMENT for table `positionInSafary`
--
ALTER TABLE `positionInSafary`
  MODIFY `id` int(11) NOT NULL AUTO_INCREMENT, AUTO_INCREMENT=219;
--
-- AUTO_INCREMENT for table `roads`
--
ALTER TABLE `roads`
  MODIFY `id` int(11) NOT NULL AUTO_INCREMENT, AUTO_INCREMENT=2072;
--
-- AUTO_INCREMENT for table `safaryFriend`
--
ALTER TABLE `safaryFriend`
  MODIFY `id` int(11) NOT NULL AUTO_INCREMENT, AUTO_INCREMENT=22;
--
-- AUTO_INCREMENT for table `types`
--
ALTER TABLE `types`
  MODIFY `id` int(11) NOT NULL AUTO_INCREMENT, AUTO_INCREMENT=19;
--
-- AUTO_INCREMENT for table `users`
--
ALTER TABLE `users`
  MODIFY `id` int(11) NOT NULL AUTO_INCREMENT, AUTO_INCREMENT=94;
--
-- AUTO_INCREMENT for table `versions`
--
ALTER TABLE `versions`
  MODIFY `id` int(11) NOT NULL AUTO_INCREMENT, AUTO_INCREMENT=29;
/*!40101 SET CHARACTER_SET_CLIENT=@OLD_CHARACTER_SET_CLIENT */;
/*!40101 SET CHARACTER_SET_RESULTS=@OLD_CHARACTER_SET_RESULTS */;
/*!40101 SET COLLATION_CONNECTION=@OLD_COLLATION_CONNECTION */;
